barcode,categoryCode,brandCode,cpg_id,cpg_ref
511111019862,BAKING,,601ac114be37ce2ead437550,Cogs
511111519928,BEVERAGES,STARBUCKS,5332f5fbe4b03c9a25efd0ba,Cogs
511111819905,BAKING,TEST BRANDCODE @1612366146176,601ac142be37ce2ead437559,Cogs
511111519874,BAKING,TEST BRANDCODE @1612366146051,601ac142be37ce2ead437559,Cogs
511111319917,CANDY_AND_SWEETS,TEST BRANDCODE @1612366146827,5332fa12e4b03c9a25efd1e7,Cogs
511111719885,BAKING,TEST BRANDCODE @1612366146091,601ac142be37ce2ead437559,Cogs
511111219897,BAKING,TEST BRANDCODE @1612366146133,601ac142be37ce2ead437559,Cogs
511111104810,,J.L. KRAFT,559c2234e4b06aca36af13c6,Cogs
511111504412,,CAMPBELLS HOME STYLE,5a734034e4b0d58f376be874,Cogs
511111504788,,TEST,59ba6f1ce4b092b29c167346,Cogs
511111516354,BAKING,TEST BRANDCODE @1598813526777,5f4bf556be37ce0b44915549,Cogs
511111102540,,,5332f5f2e4b03c9a25efd0aa,Cpgs
511111201076,,CALUMET,559c2234e4b06aca36af13c6,Cogs
511111205012,,511111205012,5d5d4fd16d5f3b23d1bc7905,Cogs
511111801801,,AUNT JEMIMA SYRUP,5332f5fbe4b03c9a25efd0ba,Cogs
511111202233,,MOLSON,5332f709e4b03c9a25efd0f1,Cpgs
511111817376,HEALTHY_AND_WELLNESS,LOTRIMIN,5d9b4f591dda2c6225a284aa,Cogs
511111515319,BAKING,TEST BRANDCODE @1597342520277,5f358338be37ce443bf9d557,Cogs
511111317364,BAKING,,5fb28549be37ce522e165cb4,Cogs
511111300700,,ST IVES,5332f5f6e4b03c9a25efd0b4,Cogs
511111305125,,CHRISIMAGE,55b62995e4b0d8e685c14213,Cogs
511111005650,HEALTHY_AND_WELLNESS,ALKA SELTZER,5d9b4f591dda2c6225a284aa,Cogs
511111802129,,JACK DANIEL'S BARBECUE,559c2234e4b06aca36af13c6,Cogs
511111303947,,,53e10d6368abd3c7065097cc,Cpgs
511111802914,,,5332f5ebe4b03c9a25efd0a8,Cpgs
511111914549,BAKING,,5e9f12f5be37ce3e45b6a77e,Cogs
511111400769,,MAGNUM Ice Cream,5332f5f6e4b03c9a25efd0b4,Cogs
511111105329,,511111105329,5d5d4fd16d5f3b23d1bc7905,Cogs
511111316114,BAKING,TEST BRANDCODE @1598635634882,5f493e72be37ce64d0ae36c2,Cogs
511111315957,BAKING,,5f4936dcbe37ce52f8314fd8,Cogs
511111201915,,TACO BELL,559c2234e4b06aca36af13c6,Cogs
511111518112,BAKING,,5fd2a0aebe37ce49eb72c0ed,Cogs
511111506249,,FROSTED CHEERIOS,53e10d6368abd3c7065097cc,Cogs
511111916161,BAKING,TEST BRANDCODE @1598639199674,5f494c5d04db711dd8fe87e2,Cogs
511111103653,,,5332f5f3e4b03c9a25efd0ae,Cpgs
511111100621,,GODIVA DRY PACKAGED DESSERTS,559c2234e4b06aca36af13c6,Cogs
511111305910,,LARABAR,5332f5f3e4b03c9a25efd0ae,Cogs
511111115366,BAKING,TEST BRANDCODE @1597350074333,5f35a0babe37ce6853cff1fd,Cogs
511111718079,BAKING,TEST BRANDCODE @1607636368717,5fd29590be37ce38bbbefb25,Cogs
511111818182,BAKING,TEST BRANDCODE @1607707830095,5fd3acb5be37ce0d9386bb3e,Cogs
511111504627,,COTTONELLE,550b2565e4b001d5e9e4146f,Cogs
511111301691,,IZZE,5332f5fbe4b03c9a25efd0ba,Cogs
511111101178,,MIO,559c2234e4b06aca36af13c6,Cogs
511111503699,,,5332f5ebe4b03c9a25efd0a8,Cpgs
511111505365,,511111505365,5d5d4fd16d5f3b23d1bc7905,Cogs
511111405252,,QUILTING SPECIAL EDITION,5d5d4fd16d5f3b23d1bc7905,Cogs
511111104025,,,5332f5f3e4b03c9a25efd0ae,Cpgs
511111317203,BAKING,TEST BRANDCODE @1604437351617,5fa1c567be37ce402c4618ef,Cogs
511111900337,,HERMAN,5332f709e4b03c9a25efd0f1,Cogs
511111302629,,,55b62995e4b0d8e685c14213,Cogs
511111704935,,KEVITA,5332f5fbe4b03c9a25efd0ba,Cogs
511111902188,,DELIMEX,559c2234e4b06aca36af13c6,Cogs
511111004844,,THE RIGHT TO SHOWER,5332f5f6e4b03c9a25efd0b4,Cogs
511111100904,,CARESS,5332f5f6e4b03c9a25efd0b4,Cogs
511111115083,BAKING,TEST BRANDCODE @1595340086044,5f16f535be37ce2b30061e24,Cogs
511111603870,,,5332f6ede4b03c9a25efd0e6,Cpgs
511111103141,,,5332f5f2e4b03c9a25efd0aa,Cpgs
511111315513,BAKING,TEST BRANDCODE @1597861700968,5f3d6f44be37ce4ddbb1bb3a,Cogs
511111106876,,TEST BRAND CODE,5c76d20595144c5375687b4e,Cogs
511111115649,CANDY_AND_SWEETS,TEST BRANDCODE @1598026275245,5332fa12e4b03c9a25efd1e7,Cogs
511111204206,,SWANSON,5a734034e4b0d58f376be874,Cogs
511111102618,,,55b62995e4b0d8e685c14213,Cogs
511111415626,BAKING,TEST BRANDCODE @1598026274668,5f3ff222be37ce1c81aa1e0c,Cogs
511111306887,,DASH-2249 1,5c76d20595144c5375687b4e,Cogs
511111805854,,511111805854,53e10d6368abd3c7065097cc,Cogs
511111104537,,KETTLE BRAND,5a734034e4b0d58f376be874,Cogs
511111404392,,CAMPBELLS SOUP AT HAND ,5a734034e4b0d58f376be874,Cogs
511111615583,BAKING,,5f3e9195be37ce5a0e01b95f,Cogs
511111117841,GROCERY,RAINBO,5fb6b608be37ce522e165cb9,Cogs
511111602279,,CRISPIN,5332f709e4b03c9a25efd0f1,Cogs
511111318194,BAKING,TEST BRANDCODE @1607707830137,5fd3acb5be37ce0d9386bb3e,Cogs
511111114413,HEALTHY_AND_WELLNESS,CLARITIN®,5d9b4f591dda2c6225a284aa,Cogs
511111706045,,COOKIE CRISP,5332f5f3e4b03c9a25efd0ae,Cogs
511111717317,BAKING,TEST BRANDCODE @1605535020442,5fb2852cbe37ce522e165cae,Cogs
511111903789,,,5332f5f2e4b03c9a25efd0aa,Cpgs
511111417262,BAKING,TEST BRANDCODE @1604946244750,5fa98944be37ce239d1070ff,Cogs
511111004561,,SNYDERS OF HANOVER,5a734034e4b0d58f376be874,Cogs
511111702894,,,5332f5ebe4b03c9a25efd0a8,Cpgs
511111002154,,GOOD SEASONS,559c2234e4b06aca36af13c6,Cogs
511111115922,BAKING,TEST BRANDCODE @1598633602279,5f493682be37ce52f8314fcb,Cogs
511111602552,,,57ace90fe4b057c992a316ab,Cpgs
511111200246,,REVOLVER,5332f709e4b03c9a25efd0f1,Cogs
511111802280,,KEYSTONE LIGHT,5332f709e4b03c9a25efd0f1,Cogs
511111604037,,,5332f5f3e4b03c9a25efd0ac,Cpgs
511111806226,,BETTY CROCKER FRUIT ROLL UPS,5332f5f3e4b03c9a25efd0ae,Cogs
511111118169,CANDY_AND_SWEETS,TEST BRANDCODE @1607639232356,5332fa12e4b03c9a25efd1e7,Cogs
511111304265,,MOMOFUKU,559c2234e4b06aca36af13c6,Cogs
511111500735,,POPSICLE,5332f5f6e4b03c9a25efd0b4,Cogs
511111103936,,MUG Root Beer,5332f5fbe4b03c9a25efd0ba,Cpgs
511111704584,,TOMS,5a734034e4b0d58f376be874,Cogs
511111017899,BAKING,TEST BRANDCODE @1606765579244,5fc54c0abe37ce1911dbb3b1,Cogs
511111715320,BAKING,TEST BRANDCODE @1597342520305,5f358338be37ce443bf9d557,Cogs
511111000723,,PROMISE,53e10d6368abd3c7065097cc,Cogs
511111200529,,OFF THE EATEN PATH,5332f5fbe4b03c9a25efd0ba,Cogs
511111116684,CANDY_AND_SWEETS,TEST BRANDCODE @1600291350125,5332fa12e4b03c9a25efd1e7,Cogs
511111003199,,,5332f5f2e4b03c9a25efd0aa,Cpgs
511111117070,BAKING,TEST BRANDCODE @1603760319758,5f9770bfbe37ce03d08a2d83,Cogs
511111301974,,NANCY'S,559c2234e4b06aca36af13c6,Cogs
511111816492,BAKING,,5f513e9ebe37ce21f1287bff,Cogs
511111903413,,,5332f7a7e4b03c9a25efd134,Cogs
511111704379,,CAMPBELLS CHUNKY MAXX,5a734034e4b0d58f376be874,Cogs
511111004288,,FOOD NETWORK KITCHEN INSPIRATIONS,559c2234e4b06aca36af13c6,Cogs
511111215547,BAKING,TEST BRANDCODE @1597935986390,5f3e9172be37ce5a0e01b952,Cogs
511111015970,BAKING,TEST BRANDCODE @1598633693744,5f4936ddbe37ce52f8314fda,Cogs
511111002437,,,5332f7a7e4b03c9a25efd134,Cpgs
511111500506,,SABRITAS,5332f5fbe4b03c9a25efd0ba,Cogs
511111702177,,GEVALIA KAFFE,559c2234e4b06aca36af13c6,Cogs
511111115717,BAKING,TEST BRANDCODE @1598290603501,5f43faabbe37ce3ef3fd3714,Cogs
511111600633,,O THAT'S GOOD,559c2234e4b06aca36af13c6,Cogs
511111801757,,CHESTER'S,5332f5fbe4b03c9a25efd0ba,Cogs
511111101666,,MISS VICKIE'S,5332f5fbe4b03c9a25efd0ba,Cogs
511111704867,,SIR KENSINGTON'S,5332f5f6e4b03c9a25efd0b4,Cogs
511111217251,BAKING,,5fa98944be37ce239d1070fd,Cogs
511111803232,,,5332f5f2e4b03c9a25efd0aa,Cpgs
511111502708,,,55a41b4be4b0d0a65b3692ee,Cpgs
511111001119,,DORITOS,5332f5fbe4b03c9a25efd0ba,Cogs
511111101895,,A.1.,559c2234e4b06aca36af13c6,Cogs
511111002642,,,55b62995e4b0d8e685c14213,Cpgs
511111403913,,,5332f5fbe4b03c9a25efd0ba,Cogs
511111315728,BAKING,TEST BRANDCODE @1598290603587,5f43faabbe37ce3ef3fd3714,Cogs
511111505433,,LOOZA JUICES,5332f5fbe4b03c9a25efd0ba,Cogs
511111005582,,ALEVE,5d9b4f591dda2c6225a284aa,Cogs
511111613961,,SOFT-SHEEN CARSON - HAIR COLOR,5e28b81cee7f2d697e835bcd,Cogs
511111217305,CANDY_AND_SWEETS,TEST BRANDCODE @1604946245499,5332fa12e4b03c9a25efd1e7,Cogs
511111802075,,,559c2234e4b06aca36af13c6,Cogs
511111716150,BAKING,TEST BRANDCODE @1598639199117,5f494c5d04db711dd8fe87e2,Cogs
511111104698,,PULL UPS,550b2565e4b001d5e9e4146f,Cogs
511111417330,BAKING,TEST BRANDCODE @1605535020629,5fb2852cbe37ce522e165cae,Cogs
511111303893,,BRISK,5332f5fbe4b03c9a25efd0ba,Cogs
511111504139,,CHRISXYZ,55b62995e4b0d8e685c14213,Cogs
511111003243,,,5332f5f2e4b03c9a25efd0aa,Cpgs
511111002208,,BULL'S-EYE,559c2234e4b06aca36af13c6,Cogs
511111600794,,KLONDIKE,5332f5f6e4b03c9a25efd0b4,Cogs
511111600848,,FRUTTARE,53e10d6368abd3c7065097cc,Cogs
511111305569,,511111305569,53e10d6368abd3c7065097cc,Cogs
511111404002,,,5332f5f3e4b03c9a25efd0ae,Cpgs
511111701859,,KNOX,559c2234e4b06aca36af13c6,Cogs
511111505716,,511111505716,53e10d6368abd3c7065097cc,Cogs
511111501107,,PLANTERS,559c2234e4b06aca36af13c6,Cogs
511111800873,PERSONAL_CARE,DEGREE,5332f5f6e4b03c9a25efd0b4,Cogs
511111000518,,CALEB'S KOLA,5332f5fbe4b03c9a25efd0ba,Cogs
511111305408,,LEMON LEMON,5332f5fbe4b03c9a25efd0ba,Cogs
511111300656,PERSONAL_CARE,VASELINE,5332f5f6e4b03c9a25efd0b4,Cogs
511111005216,,511111005216,53e10d6368abd3c7065097cc,Cogs
511111817932,BAKING,TEST BRANDCODE @1607312532178,5fcda494be37ce688e08b0cb,Cogs
511111715047,CLEANING_AND_HOME_IMPROVEMENT,PINESOL,5eebc5412455c97a877ef382,Cogs
511111202677,,,55b62995e4b0d8e685c14213,Cogs
511111603719,,,5332f5ebe4b03c9a25efd0a8,Cpgs
511111215103,CANDY_AND_SWEETS,TEST BRANDCODE @1595340086791,5332fa12e4b03c9a25efd1e7,Cogs
511111005148,,511111005148,5d5d4fd16d5f3b23d1bc7905,Cogs
511111013914,,ESSIE,5e28b81cee7f2d697e835bcd,Cogs
511111303220,,,5332f5f2e4b03c9a25efd0aa,Cpgs
511111204923,,0987654321,5c45f8b087ff3552f950f026,Cogs
511111601449,,,559c2234e4b06aca36af13c6,Cogs
511111502586,,,55b62995e4b0d8e685c14213,Cogs
511111404446,,CAMPBELLS WELL YES,5a734034e4b0d58f376be874,Cogs
511111717966,BAKING,TEST BRANDCODE @1607312532304,5fcda494be37ce688e08b0cb,Cogs
511111215615,BAKING,TEST BRANDCODE @1598026274643,5f3ff222be37ce1c81aa1e0c,Cogs
511111816775,BAKING,TEST BRANDCODE @1601644881995,5f772951be37ce6b592e90d1,Cogs
511111717249,BAKING,,5fa1c568be37ce402c4618f5,Cogs
511111217749,,BEEF STEAK,5fb6b608be37ce522e165cb9,Cogs
511111300588,,POND'S,5332f5f6e4b03c9a25efd0b4,Cogs
511111713937,,L’OREAL PARIS - COSMETICS,5e28b81cee7f2d697e835bcd,Cogs
511111801962,,,559c2234e4b06aca36af13c6,Cogs
511111605829,,511111605829,53e10d6368abd3c7065097cc,Cogs
511111615095,BAKING,TEST BRANDCODE @1595340086078,5f16f535be37ce2b30061e24,Cogs
511111917045,CANDY_AND_SWEETS,TEST BRANDCODE @1602694020787,5332fa12e4b03c9a25efd1e7,Cogs
511111501497,,,53e10d6368abd3c7065097cc,Cogs
511111516910,BAKING,TEST BRANDCODE @1601939013649,5f7ba644be37ce23081c5289,Cogs
511111803393,,,5332f5f2e4b03c9a25efd0aa,Cpgs
511111316480,BAKING,,5f504acabe37ce0b793c9417,Cogs
511111604525,,SNACK FACTORY,5a734034e4b0d58f376be874,Cogs
511111202448,,,5332f7a7e4b03c9a25efd134,Cpgs
511111703617,,,5332f5f3e4b03c9a25efd0ae,Cpgs
511111403289,,,5332f7ffe4b03c9a25efd16b,Cpgs
511111201403,,MILLER64,5332f709e4b03c9a25efd0f1,Cogs
511111700814,,I CAN'T BELIEVE IT'S NOT BUTTER!,53e10d6368abd3c7065097cc,Cogs
511111805786,,511111805786,53e10d6368abd3c7065097cc,Cogs
511111419532,CANDY_AND_SWEETS,TEST BRANDCODE @1610496647142,5332fa12e4b03c9a25efd1e7,Cogs
511111619543,BAKING,,5ffe3a87be37ce7aab2d4fda,Cogs
511111719519,BAKING,TEST BRANDCODE @1610496646289,5ffe3a85be37ce7aab2d4fd4,Cogs
511111119555,BAKING,,5fff3a7abe37ce2bb793010d,Cogs
511111919520,BAKING,TEST BRANDCODE @1610496646345,5ffe3a85be37ce7aab2d4fd4,Cogs
511111219507,BAKING,TEST BRANDCODE @1610496646232,5ffe3a85be37ce7aab2d4fd4,Cogs
511111219385,BAKING,TEST BRANDCODE @1610495466218,5ffe35eabe37ce5e01754c45,Cogs
511111119326,BAKING,TEST BRANDCODE @1610495102462,5ffe347ebe37ce5e01754c3d,Cogs
511111719397,BAKING,TEST BRANDCODE @1610495466250,5ffe35eabe37ce5e01754c45,Cogs
511111501985,,KRAFT MIRACLE WHIP,559c2234e4b06aca36af13c6,Cogs
511111400998,,,5332f709e4b03c9a25efd0f1,Cogs
511111015697,CANDY_AND_SWEETS,TEST BRANDCODE @1598042674173,5332fa12e4b03c9a25efd1e7,Cogs
511111216094,BAKING,TEST BRANDCODE @1598635634796,5f493e72be37ce64d0ae36c2,Cogs
511111300212,,SHEAF STOUT,5332f709e4b03c9a25efd0f1,Cogs
511111001768,,CHEETOS,5332f5fbe4b03c9a25efd0ba,Cogs
511111217817,GROCERY,NATURES HARVEST,5fb6b608be37ce522e165cb9,Cogs
511111605058,,511111605058,5d5d4fd16d5f3b23d1bc7905,Cogs
511111402961,,,5332f5ebe4b03c9a25efd0a8,Cpgs
511111216148,BAKING,TEST BRANDCODE @1598639198570,5f494c5d04db711dd8fe87e2,Cogs
511111316763,BAKING,,5f772951be37ce6b592e90cf,Cogs
511111616467,BAKING,TEST BRANDCODE @1599097538609,5f504ac2be37ce0b793c9411,Cogs
511111704706,,SCOTT,550b2565e4b001d5e9e4146f,Cogs
511111218135,BAKING,TEST BRANDCODE @1607639231674,5fd2a0bfbe37ce49eb72c0ef,Cogs
511111505921,,EPIC,5332f5f3e4b03c9a25efd0ae,Cogs
511111901426,,GROLSCH,5332f709e4b03c9a25efd0f1,Cogs
511111417101,CANDY_AND_SWEETS,TEST BRANDCODE @1603760320407,5332fa12e4b03c9a25efd1e7,Cogs
511111400042,,MAGNUM,5332f709e4b03c9a25efd0f1,Cogs
511111817147,BAKING,TEST BRANDCODE @1603925787411,5f99f71bbe37ce13da9eade6,Cogs
511111819417,CANDY_AND_SWEETS,TEST BRANDCODE @1610495466861,5332fa12e4b03c9a25efd1e7,Cogs
511111519430,BAKING,,5ffe3681be37ce5e01754c54,Cogs
511111819349,BAKING,TEST BRANDCODE @1610495102526,5ffe347ebe37ce5e01754c3d,Cogs
511111619338,BAKING,TEST BRANDCODE @1610495102491,5ffe347ebe37ce5e01754c3d,Cogs
511111519362,BAKING,,5ffe3480be37ce5e01754c43,Cogs
511111019374,BAKING,TEST BRANDCODE @1610495466175,5ffe35eabe37ce5e01754c45,Cogs
511111019428,BAKING,,5ffe35f9be37ce5e01754c4b,Cogs
511111319351,CANDY_AND_SWEETS,TEST BRANDCODE @1610495103255,5332fa12e4b03c9a25efd1e7,Cogs
511111319405,BAKING,TEST BRANDCODE @1610495466285,5ffe35eabe37ce5e01754c45,Cogs
511111118886,BAKING,,5ff768e3be37ce1e961f329f,Cogs
511111718840,BAKING,TEST BRANDCODE @1610049748118,5ff768d4be37ce1e961f3299,Cogs
511111418863,BAKING,TEST BRANDCODE @1610049748181,5ff768d4be37ce1e961f3299,Cogs
511111218852,BAKING,TEST BRANDCODE @1610049748154,5ff768d4be37ce1e961f3299,Cogs
511111918875,CANDY_AND_SWEETS,TEST BRANDCODE @1610049748724,5332fa12e4b03c9a25efd1e7,Cogs
511111618898,BAKING,TEST BRANDCODE @1610053719707,5ff77857be37ce58ce500839,Cogs
511111518327,BAKING,TEST BRANDCODE @1607987891932,5fd7f2b3be37ce7339755868,Cogs
511111318316,BAKING,TEST BRANDCODE @1607987891893,5fd7f2b3be37ce7339755868,Cogs
511111818304,BAKING,TEST BRANDCODE @1607987891852,5fd7f2b3be37ce7339755868,Cogs
511111218340,BAKING,,5fd7f2b8be37ce733975586e,Cogs
511111018339,CANDY_AND_SWEETS,TEST BRANDCODE @1607987892541,5332fa12e4b03c9a25efd1e7,Cogs
511111618171,BAKING,TEST BRANDCODE @1607707829962,5fd3acb5be37ce0d9386bb3e,Cogs
511111702948,,,5332f5ebe4b03c9a25efd0a8,Cpgs
511111701415,,KILLIAN'S,5332f709e4b03c9a25efd0f1,Cogs
511111403630,,,5332f5f3e4b03c9a25efd0ae,Cpgs
511111301813,,,581ce8d5e4b058c71f74c442,Cpgs
511111903130,,,5332f5f2e4b03c9a25efd0aa,Cpgs
511111715481,BAKING,TEST BRANDCODE @1597861700880,5f3d6f44be37ce4ddbb1bb3a,Cogs
511111616696,BAKING,,5f628235be37ce78e6e2efb0,Cogs
511111301028,,,5332f709e4b03c9a25efd0f1,Cogs
511111115595,BAKING,,5f3ff200be37ce1c81aa1e0a,Cogs
511111302063,,,559c2234e4b06aca36af13c6,Cogs
511111403401,,,5332f5f3e4b03c9a25efd0ae,Cpgs
511111901938,,KRAFT SHAKE 'N BAKE,559c2234e4b06aca36af13c6,Cogs
511111401087,,HP,559c2234e4b06aca36af13c6,Cogs
511111815891,BAKING,,5f493665be37ce52f8314fc9,Cogs
511111206262,,DRUMSTICK CEREAL,5332f5f3e4b03c9a25efd0ae,Cogs
511111105602,,ALEVE D SINUS & COLD,53e10d6368abd3c7065097cc,Cogs
511111601883,,CHEEZ WHIZ,559c2234e4b06aca36af13c6,Cogs
511111818021,CANDY_AND_SWEETS,TEST BRANDCODE @1607463685522,5332fa12e4b03c9a25efd1e7,Cogs
511111812449,,,5c4f20b01b4181298aacffc1,Cogs
511111502371,,COOL WHIP,559c2234e4b06aca36af13c6,Cogs
511111006022,,TRIX,5332f5f3e4b03c9a25efd0ae,Cogs
511111405740,,FLINTSTONES,5d9b4f591dda2c6225a284aa,Cogs
511111217695,BEER_WINE_SPIRITS,ABSOLUT® GRAPEFRUIT,5fb6d381be37ce522e165cbd,Cogs
511111317432,BEER_WINE_SPIRITS,ALTOS,5fb6d381be37ce522e165cbd,Cogs
511111417545,BEER_WINE_SPIRITS,DEL MAGUEY ,5fb6d381be37ce522e165cbd,Cogs
511111917601,BEER_WINE_SPIRITS,JAMESON® BLACK BARREL ,5fb6d381be37ce522e165cbd,Cogs
511111817581,BEER_WINE_SPIRITS,JAMESON,5fb6d381be37ce522e165cbd,Cogs
511111217466,BEER_WINE_SPIRITS,MONKEY 47,5fb6d381be37ce522e165cbd,Cogs
511111417613,BEER_WINE_SPIRITS,MALIBU,5fb6d381be37ce522e165cbd,Cogs
511111417491,BEER_WINE_SPIRITS,LILLET,5fb6d381be37ce522e165cbd,Cogs
511111705161,,511111705161,5d5d4fd16d5f3b23d1bc7905,Cogs
511111902461,,AMP2,5332f7a7e4b03c9a25efd134,Cogs
511111815501,BAKING,TEST BRANDCODE @1597861700940,5f3d6f44be37ce4ddbb1bb3a,Cogs
511111717195,BAKING,TEST BRANDCODE @1604437351567,5fa1c567be37ce402c4618ef,Cogs
511111603153,,,53e10d6368abd3c7065097cc,Cpgs
511111404163,,KELSEN,5a734034e4b0d58f376be874,Cogs
511111405818,,511111405818,53e10d6368abd3c7065097cc,Cogs
511111605614,,ALEVE DIRECT THERAPY PAIN RELIEF DEVICES,53e10d6368abd3c7065097cc,Cogs
511111600404,,COLORADO NATIVE,5332f709e4b03c9a25efd0f1,Cogs
511111801528,,SOBE,5332f5fbe4b03c9a25efd0ba,Cogs
511111502098,,KNUDSEN,559c2234e4b06aca36af13c6,Cogs
511111105763,,511111105763,53e10d6368abd3c7065097cc,Cogs
511111317920,BAKING,,5fcda47cbe37ce688e08b0c2,Cogs
511111005421,,511111005421,5d5d4fd16d5f3b23d1bc7905,Cogs
511111501770,,CAP'N CRUNCH,53e10d6368abd3c7065097cc,Cogs
511111602996,,,5332f5ebe4b03c9a25efd0a8,Cpgs
511111917762,GROCERY,MRS BAIRD'S,5fb6b608be37ce522e165cb9,Cogs
511111500667,PERSONAL_CARE,TRESEMME,5332f5f6e4b03c9a25efd0b4,Cogs
511111202721,,,5459429be4b0bfcb1e864082,Cpgs
511111700029,,PURE LEAF Iced Tea Beverages,5332f5fbe4b03c9a25efd0ba,Cogs
511111414049,HEALTHY_AND_WELLNESS,ONE A DAY KIDS,5d9b4f591dda2c6225a284aa,Cogs
511111801689,,,5332f5fbe4b03c9a25efd0ba,Cogs
511111416500,BAKING,TEST BRANDCODE @1599159968998,5f513ea0be37ce21f1287c01,Cogs
511111805410,,LIFEWTR,5332f5fbe4b03c9a25efd0ba,Cogs
511111804994,,511111804994,5d5d4fd16d5f3b23d1bc7905,Cogs
511111903901,,,53e10d6368abd3c7065097cc,Cpgs
511111904731,,SIMILAC,59b96571e4b0bf7c7980588b,Cogs
511111205739,HEALTHY_AND_WELLNESS,CORICIDIN HBP,5d9b4f591dda2c6225a284aa,Cogs
511111716921,CANDY_AND_SWEETS,TEST BRANDCODE @1601939016290,5332fa12e4b03c9a25efd1e7,Cogs
511111400110,,BADEDAS,53e10d6368abd3c7065097cc,Cogs
511111902744,,,5459429be4b0bfcb1e864082,Cpgs
511111001607,,,5332f5fbe4b03c9a25efd0ba,Cogs
511111803164,,,5332f5f2e4b03c9a25efd0aa,Cpgs
511111703051,,,5332f5ebe4b03c9a25efd0a8,Cpgs
511111617297,BAKING,TEST BRANDCODE @1604946244876,5fa98944be37ce239d1070ff,Cogs
511111203483,,,5332f7a7e4b03c9a25efd134,Cpgs
511111404880,,BENIHANA,559c2234e4b06aca36af13c6,Cogs
511111905967,,MOUNTAIN HIGH,5332f5f3e4b03c9a25efd0ae,Cogs
511111001485,,TOSTITOS,5332f5fbe4b03c9a25efd0ba,Cogs
511111317081,BAKING,TEST BRANDCODE @1603760319788,5f9770bfbe37ce03d08a2d83,Cogs
511111501824,,,559c2234e4b06aca36af13c6,Cogs
511111516569,BABY,GERBER BABY FOOD,5f58fa84be37ce21f1287c0f,Cogs
511111204435,,CAMPBELLS SLOW KETTLE ,5a734034e4b0d58f376be874,Cogs
511111304494,,ARCHWAY,5a734034e4b0d58f376be874,Cogs
511111901099,,,559c2234e4b06aca36af13c6,Cogs
511111314653,HEALTHY_AND_WELLNESS,BAYER® ASPIRIN,5d9b4f591dda2c6225a284aa,Cogs
511111818977,BAKING,TEST BRANDCODE @1610055793449,5ff78071be37ce6a424ca0e7,Cogs
511111318965,BAKING,TEST BRANDCODE @1610055793411,5ff78071be37ce6a424ca0e7,Cogs
511111018988,BAKING,TEST BRANDCODE @1610055793500,5ff78071be37ce6a424ca0e7,Cogs
511111719007,CANDY_AND_SWEETS,TEST BRANDCODE @1610055794196,5332fa12e4b03c9a25efd1e7,Cogs
511111518990,BAKING,TEST BRANDCODE @1610055793537,5ff78071be37ce6a424ca0e7,Cogs
511111219019,BAKING,TEST BRANDCODE @1610058181549,5ff789c5be37ce786ba0f6a2,Cogs
511111718918,BAKING,TEST BRANDCODE @1610053719944,5ff77857be37ce58ce500839,Cogs
511111918929,BAKING,TEST BRANDCODE @1610053719998,5ff77857be37ce58ce500839,Cogs
511111118954,BAKING,,5ff78070be37ce6a424ca0e5,Cogs
511111218906,BAKING,TEST BRANDCODE @1610053719869,5ff77857be37ce58ce500839,Cogs
511111618942,BAKING,,5ff77859be37ce58ce50083f,Cogs
511111418931,CANDY_AND_SWEETS,TEST BRANDCODE @1610053721033,5332fa12e4b03c9a25efd1e7,Cogs
511111004639,PERSONAL_CARE,DEPEND,550b2565e4b001d5e9e4146f,Cogs
511111318521,CANDY_AND_SWEETS,TEST BRANDCODE @1608313322283,5332fa12e4b03c9a25efd1e7,Cogs
511111118510,BAKING,TEST BRANDCODE @1608313321374,5fdce9e9be37ce5fa8ba59d6,Cogs
511111518488,BAKING,TEST BRANDCODE @1608313321191,5fdce9e9be37ce5fa8ba59d6,Cogs
511111618508,BAKING,TEST BRANDCODE @1608313321301,5fdce9e9be37ce5fa8ba59d6,Cogs
511111018490,BAKING,TEST BRANDCODE @1608313321222,5fdce9e9be37ce5fa8ba59d6,Cogs
511111005933,,NATURE VALLEY,5332f5f3e4b03c9a25efd0ae,Cogs
511111215981,BAKING,TEST BRANDCODE @1598633693767,5f4936ddbe37ce52f8314fda,Cogs
511111715993,BAKING,TEST BRANDCODE @1598633693791,5f4936ddbe37ce52f8314fda,Cogs
511111117407,BREAD_AND_BAKERY,ANZIO,5fb6b608be37ce522e165cb9,Cogs
511111705000,,511111705000,5d5d4fd16d5f3b23d1bc7905,Cogs
511111002598,,,55b62995e4b0d8e685c14213,Cogs
511111806172,,HERSHEY'S WHIPPED TOPPING,559c2234e4b06aca36af13c6,Cogs
511111515968,BAKING,TEST BRANDCODE @1598633693720,5f4936ddbe37ce52f8314fda,Cogs
511111804048,,,5332f5f2e4b03c9a25efd0aa,Cpgs
511111617341,BAKING,TEST BRANDCODE @1605535020671,5fb2852cbe37ce522e165cae,Cogs
511111200802,,IMPERIAL,53e10d6368abd3c7065097cc,Cogs
511111502425,,,5332f7a7e4b03c9a25efd134,Cpgs
511111305637,,ALEVE PM NIGHT TIME,53e10d6368abd3c7065097cc,Cogs
511111117124,BAKING,TEST BRANDCODE @1603925787294,5f99f71bbe37ce13da9eade6,Cogs
511111904229,,APOTHECARE ESSENTIALS,5332f5f6e4b03c9a25efd0b4,Cogs
511111902256,,HENRY WEINHARD'S,5332f709e4b03c9a25efd0f1,Cpgs
511111204367,,CAMPBELLS CHUNKY ,5a734034e4b0d58f376be874,Cogs
511111914051,,ONE A DAY® WOMENS,53e10d6368abd3c7065097cc,Cogs
511111415060,BAKING,TEST BRANDCODE @1595340085980,5f16f535be37ce2b30061e24,Cogs
511111502869,,,5332f5f2e4b03c9a25efd0aa,Cpgs
511111515036,OUTDOOR,KINGSFORD,5eebc5412455c97a877ef382,Cogs
511111206101,,YOPLAIT GO-GURT,5332f5f3e4b03c9a25efd0ae,Cogs
511111700531,,FRITO-LAY,5332f5fbe4b03c9a25efd0ba,Cogs
511111502142,,GREY POUPON,559c2234e4b06aca36af13c6,Cogs
511111915799,BAKING,TEST BRANDCODE @1598296704763,5f441280be37ce5dbe9b7c7d,Cogs
511111814641,HEALTHY_AND_WELLNESS,BERROCA®,5d9b4f591dda2c6225a284aa,Cogs
511111301301,,PROPEL,5332f5fbe4b03c9a25efd0ba,Cogs
511111700975,,MILWAUKEE'S BEST,5332f709e4b03c9a25efd0f1,Cogs
511111703778,,,5332f5ebe4b03c9a25efd0a8,Cpgs
511111400486,,SPITZ,5332f5fbe4b03c9a25efd0ba,Cogs
511111405535,,IMAGINE,5332f5fbe4b03c9a25efd0ba,Cogs
511111905196,,,53e10d6368abd3c7065097cc,Cogs
511111215332,CANDY_AND_SWEETS,TEST BRANDCODE @1597342520969,5332fa12e4b03c9a25efd1e7,Cogs
511111900986,,,5332f709e4b03c9a25efd0f1,Cogs
511111800156,,TUSK & GRAIN,5332f709e4b03c9a25efd0f1,Cogs
511111103370,,REDD'S ALE,5332f709e4b03c9a25efd0f1,Cogs
511111104469,,LANCE,5a734034e4b0d58f376be874,Cogs
511111104186,,PACIFIC FOODS,5a734034e4b0d58f376be874,Cogs
511111606376,,YOPLAIT DUNKERS,5332f5f3e4b03c9a25efd0ae,Cogs
511111603641,,,5332f5f3e4b03c9a25efd0ae,Cpgs
511111415855,BAKING,TEST BRANDCODE @1598554813705,5f4802bdbe37ce0c8303373c,Cogs
511111800590,,LIPTON Soup,5332f5f6e4b03c9a25efd0b4,Cogs
511111406341,,MINIONS CEREAL,53e10d6368abd3c7065097cc,Cogs
511111504856,,LOVE HOME AND PLANET,5332f5f6e4b03c9a25efd0b4,Cogs
511111015185,BAKING,TEST BRANDCODE @1595968943012,5f208daebe37ce7958c59520,Cogs
511111715276,HEALTHY_AND_WELLNESS,ONETOUCH,5f036ccc2455c947fde9362f,Cogs
511111015536,BAKING,TEST BRANDCODE @1597935986248,5f3e9172be37ce5a0e01b952,Cogs
511111902690,,KRAFT,559c2234e4b06aca36af13c6,Cogs
511111906124,,BASIC 4,5332f5f3e4b03c9a25efd0ae,Cogs
511111804116,,WOLFGANG PUCK,5a734034e4b0d58f376be874,Cogs
511111516842,BAKING,TEST BRANDCODE @1601659120828,5f7760f0be37ce1d26d7b7a2,Cogs
511111317159,BAKING,TEST BRANDCODE @1603925787441,5f99f71bbe37ce13da9eade6,Cogs
511111704218,,THE SOULFUL PROJECT,53e10d6368abd3c7065097cc,Cogs
511111815945,CANDY_AND_SWEETS,TEST BRANDCODE @1598633602924,5332fa12e4b03c9a25efd1e7,Cogs
511111901860,,DREAM WHIP,559c2234e4b06aca36af13c6,Cogs
511111815457,BAKING,TEST BRANDCODE @1597527951461,5f38578fbe37ce5178517ad3,Cogs
511111718123,BAKING,TEST BRANDCODE @1607639231623,5fd2a0bfbe37ce49eb72c0ef,Cogs
511111903062,,,5332fa12e4b03c9a25efd1e7,Cpgs
511111104254,,KJELDSEN,5a734034e4b0d58f376be874,Cogs
511111316046,BAKING,TEST BRANDCODE @1598635435896,5f493dabbe37ce64d0ae36ba,Cogs
511111602040,,,559c2234e4b06aca36af13c6,Cogs
511111316602,BAKING,TEST BRANDCODE @1599849713773,5f5bc4f1be37ce17125ac0e8,Cogs
511111418092,CANDY_AND_SWEETS,TEST BRANDCODE @1607636369405,5332fa12e4b03c9a25efd1e7,Cogs
511111916727,BAKING,TEST BRANDCODE @1601644363827,5f77274bbe37ce6b592e90b9,Cogs
511111904175,,PEPPERIDGE FARM,5a734034e4b0d58f376be874,Cogs
511111803720,,,5332f5ebe4b03c9a25efd0a8,Cpgs
511111315889,BAKING,,5f4802d2be37ce0c83033742,Cogs
511111919803,BAKING,TEST BRANDCODE @1611088503689,60074277be37ce360be639fe,Cogs
511111203278,,,5332f5f2e4b03c9a25efd0aa,Cpgs
511111917328,BAKING,TEST BRANDCODE @1605535020580,5fb2852cbe37ce522e165cae,Cogs
511111601395,,MILLER HIGH LIFE,5332f709e4b03c9a25efd0f1,Cogs
511111101451,,QUAKER,53e10d6368abd3c7065097cc,Cogs
511111703334,,,5332f7ffe4b03c9a25efd16b,Cpgs
511111705727,,511111705727,53e10d6368abd3c7065097cc,Cogs
511111302414,,ATHENOS,559c2234e4b06aca36af13c6,Cogs
511111916512,BAKING,TEST BRANDCODE @1599159969028,5f513ea0be37ce21f1287c01,Cogs
511111815389,BAKING,TEST BRANDCODE @1597350074404,5f35a0babe37ce6853cff1fd,Cogs
511111100065,,SEDAL,53e10d6368abd3c7065097cc,Cogs
511111404958,,RED ROCK DELI,5332f5fbe4b03c9a25efd0ba,Cogs
511111905684,,ALKA SELTZER PLUS SINUS CAP/ GEL/ TAB,53e10d6368abd3c7065097cc,Cogs
511111915911,BAKING,TEST BRANDCODE @1598633602253,5f493682be37ce52f8314fcb,Cogs
511111301530,,SMARTFOOD,5332f5fbe4b03c9a25efd0ba,Cogs
511111515685,BAKING,TEST BRANDCODE @1598042673532,5f403231be37ce5f78d9ed14,Cogs
511111916956,BAKING,TEST BRANDCODE @1601939762881,5f7ba932be37ce2f290fb251,Cogs
511111101222,,OSCAR MAYER,559c2234e4b06aca36af13c6,Cogs
511111400271,,LECH PREMIUM,5332f709e4b03c9a25efd0f1,Cogs
511111805137,,511111805137,5d5d4fd16d5f3b23d1bc7905,Cogs
511111617785,GROCERY,HEINERS,5fb6b608be37ce522e165cb9,Cogs
511111005094,,PARENTS,5d5d4fd16d5f3b23d1bc7905,Cogs
511111203117,,,5332f5f2e4b03c9a25efd0aa,Cpgs
511111319849,CANDY_AND_SWEETS,TEST BRANDCODE @1611088504474,5332fa12e4b03c9a25efd1e7,Cogs
511111605102,,511111605102,5d5d4fd16d5f3b23d1bc7905,Cogs
511111100294,,HOP VALLEY,5332f709e4b03c9a25efd0f1,Cogs
511111215493,BAKING,TEST BRANDCODE @1597861700914,5f3d6f44be37ce4ddbb1bb3a,Cogs
511111001836,,YUBAN,559c2234e4b06aca36af13c6,Cogs
511111105114,,511111105114,5d5d4fd16d5f3b23d1bc7905,Cogs
511111617068,BAKING,TEST BRANDCODE @1603760319682,5f9770bfbe37ce03d08a2d83,Cogs
511111516286,BAKING,TEST BRANDCODE @1598716509394,5f4a7a5bbe37ce2d95e65c9f,Cogs
511111415343,BAKING,,5f35834dbe37ce443bf9d564,Cogs
511111000679,,TIGI,5332f5f6e4b03c9a25efd0b4,Cogs
511111805908,,AUTUMN'S GOLD,5332f5f3e4b03c9a25efd0ae,Cogs
511111900108,,BROOKE BOND,53e10d6368abd3c7065097cc,Cogs
511111105046,,511111105046,5d5d4fd16d5f3b23d1bc7905,Cogs
511111702450,,,5332f7a7e4b03c9a25efd134,Cpgs
511111515197,BAKING,TEST BRANDCODE @1595968943049,5f208daebe37ce7958c59520,Cogs
511111208532,,AMPTEST,5c7470c895144c124ecd5c09,Cogs
511111903857,,COORS,5332f709e4b03c9a25efd0f1,Cogs
511111506317,,BOLT 24,5332f5fbe4b03c9a25efd0ba,Cogs
511111801313,,MIST TWST,5332f5fbe4b03c9a25efd0ba,Cogs
511111918363,BAKING,TEST BRANDCODE @1608136484526,5fda3724be37ce09e351596f,Cogs
511111718406,CANDY_AND_SWEETS,TEST BRANDCODE @1608136485398,5332fa12e4b03c9a25efd1e7,Cogs
511111418375,BAKING,TEST BRANDCODE @1608136484574,5fda3724be37ce09e351596f,Cogs
511111518044,DAIRY_AND_REFRIGERATED,SARGENTO,5e7cf838f221c312e698a628,Cogs
511111618386,BAKING,TEST BRANDCODE @1608136484633,5fda3724be37ce09e351596f,Cogs
511111118398,BAKING,TEST BRANDCODE @1608136484689,5fda3724be37ce09e351596f,Cogs
511111918646,BAKING,,5ff73cffbe37ce1e961f325c,Cogs
511111518600,BAKING,TEST BRANDCODE @1610038521565,5ff73cf9be37ce1e961f3256,Cogs
511111218623,BAKING,TEST BRANDCODE @1610038521677,5ff73cf9be37ce1e961f3256,Cogs
511111418658,BAKING,,5ff74123be37ce1e961f3265,Cogs
511111018612,BAKING,TEST BRANDCODE @1610038521624,5ff73cf9be37ce1e961f3256,Cogs
511111718635,CANDY_AND_SWEETS,TEST BRANDCODE @1610038522559,5332fa12e4b03c9a25efd1e7,Cogs
511111818748,BAKING,TEST BRANDCODE @1610040576117,5ff74500be37ce1e961f3276,Cogs
511111518761,CANDY_AND_SWEETS,TEST BRANDCODE @1610040576672,5332fa12e4b03c9a25efd1e7,Cogs
511111018773,BAKING,,5ff75cdebe37ce1e961f328a,Cogs
511111618737,BAKING,TEST BRANDCODE @1610040576088,5ff74500be37ce1e961f3276,Cogs
511111318750,BAKING,TEST BRANDCODE @1610040576148,5ff74500be37ce1e961f3276,Cogs
511111118725,BAKING,TEST BRANDCODE @1610040576053,5ff74500be37ce1e961f3276,Cogs
511111705673,HEALTHY_AND_WELLNESS,ALKA SELTZER PLUS,5d9b4f591dda2c6225a284aa,Cogs
511111019657,CANDY_AND_SWEETS,TEST BRANDCODE @1610653897113,5332fa12e4b03c9a25efd1e7,Cogs
511111319634,BAKING,TEST BRANDCODE @1610653894519,6000a0c6be37ce2bb793011c,Cogs
511111719670,BAKING,TEST BRANDCODE @1610660035659,6000b8c3be37ce321363c6bf,Cogs
511111519645,BAKING,TEST BRANDCODE @1610653894662,6000a0c6be37ce2bb793011c,Cogs
511111219668,BAKING,,6000a0f3be37ce2bb7930129,Cogs
511111819622,BAKING,TEST BRANDCODE @1610653894371,6000a0c6be37ce2bb793011c,Cogs
511111216865,CANDY_AND_SWEETS,TEST BRANDCODE @1601659122798,5332fa12e4b03c9a25efd1e7,Cogs
511111803515,,,5332f7a7e4b03c9a25efd134,Cpgs
511111506034,,COCOA PUFFS,5332f5f3e4b03c9a25efd0ae,Cogs
511111316831,BAKING,TEST BRANDCODE @1601659120793,5f7760f0be37ce1d26d7b7a2,Cogs
511111904502,,JAYS,5a734034e4b0d58f376be874,Cogs
511111100782,,KNORR,5332f5f6e4b03c9a25efd0b4,Cogs
511111402527,,,5332f5f2e4b03c9a25efd0aa,Cpgs
511111500384,,CRISTAL,5332f709e4b03c9a25efd0f1,Cogs
511111217978,CANDY_AND_SWEETS,TEST BRANDCODE @1607312532874,5332fa12e4b03c9a25efd1e7,Cogs
511111502210,,BOCA,559c2234e4b06aca36af13c6,Cogs
511111004790,,ALEXA,55b62995e4b0d8e685c14213,Cogs
511111806011,,KIX,5332f5f3e4b03c9a25efd0ae,Cogs
511111715115,BAKING,TEST BRANDCODE @1595531348246,5f19e054be37ce33f74a166e,Cogs
511111205173,,,53e10d6368abd3c7065097cc,Cogs
511111901709,,GRANDMA'S,5332f5fbe4b03c9a25efd0ba,Cogs
511111517009,BAKING,TEST BRANDCODE @1602694015178,5f872b7fbe37ce66db5dd975,Cogs
511111500223,,SHARP'S NEAR BEER,5332f709e4b03c9a25efd0f1,Cogs
511111303381,,,5332f5f3e4b03c9a25efd0ae,Cpgs
511111106159,,BAILEYS,559c2234e4b06aca36af13c6,Cogs
511111515241,CLEANING_AND_HOME_IMPROVEMENT,FINISH,5f10c05cbe37ce238c6cabaf,Cogs
511111304616,,,53e10d6368abd3c7065097cc,Cogs
511111016137,BAKING,TEST BRANDCODE @1598639197926,5f494c5d04db711dd8fe87e2,Cogs
511111217022,BAKING,TEST BRANDCODE @1602694015743,5f872b7fbe37ce66db5dd975,Cogs
511111602118,,JELL-O,559c2234e4b06aca36af13c6,Cogs
511111616740,CANDY_AND_SWEETS,TEST BRANDCODE @1601644364536,5332fa12e4b03c9a25efd1e7,Cogs
511111517160,CANDY_AND_SWEETS,TEST BRANDCODE @1603925787997,5332fa12e4b03c9a25efd1e7,Cogs
511111304333,,GOLDFISH,5a734034e4b0d58f376be874,Cogs
511111703983,,,5332f5ebe4b03c9a25efd0a8,Cpgs
511111615934,BAKING,TEST BRANDCODE @1598633602304,5f493682be37ce52f8314fcb,Cogs
511111816829,BAKING,TEST BRANDCODE @1601659120694,5f7760f0be37ce1d26d7b7a2,Cogs
511111801245,,,5332f5fbe4b03c9a25efd0ba,Cogs
511111304777,,CAPE LINE,5332f709e4b03c9a25efd0f1,Cogs
511111415572,CANDY_AND_SWEETS,TEST BRANDCODE @1597935987233,5332fa12e4b03c9a25efd1e7,Cogs
511111201632,,NEAR EAST,5332f5fbe4b03c9a25efd0ba,Cogs
511111103868,,,5332f5ebe4b03c9a25efd0a8,Cpgs
511111505150,,511111505150,5d5d4fd16d5f3b23d1bc7905,Cogs
511111003311,,,5332f7ffe4b03c9a25efd16b,Cpgs
511111015024,CLEANING_AND_HOME_IMPROVEMENT,CLOROX,5eebc5412455c97a877ef382,Cogs
511111901655,,,5332f5fbe4b03c9a25efd0ba,Cogs
511111500018,,MAY-BUD,559c2234e4b06aca36af13c6,Cogs
511111816614,BAKING,TEST BRANDCODE @1599849713798,5f5bc4f1be37ce17125ac0e8,Cogs
511111802563,,GATORADE,5332f5fbe4b03c9a25efd0ba,Cogs
511111415299,BAKING,TEST BRANDCODE @1597342520132,5f358338be37ce443bf9d557,Cogs
511111304104,,GARDEN FRESH GOURMET,5a734034e4b0d58f376be874,Cogs
511111000440,,AUNT JEMIMA DRY BREAKFAST MIXES,5332f5fbe4b03c9a25efd0ba,Cogs
511111700258,,OLDE ENGLISH,5332f709e4b03c9a25efd0f1,Cogs
511111416661,BAKING,TEST BRANDCODE @1600291349255,5f628214be37ce78e6e2efaa,Cogs
511111501336,,MATADOR,5332f5fbe4b03c9a25efd0ba,Cogs
511111401872,,,53e10d6368abd3c7065097cc,Cpgs
511111305286,,511111305286,5d5d4fd16d5f3b23d1bc7905,Cogs
511111105992,,REESE'S PUFFS,5332f5f3e4b03c9a25efd0ae,Cogs
511111706113,,GOLDEN GRAHAMS,5332f5f3e4b03c9a25efd0ae,Cogs
511111303503,,,5332f7a7e4b03c9a25efd134,Cpgs
511111915638,BAKING,TEST BRANDCODE @1598026274692,5f3ff222be37ce1c81aa1e0c,Cogs
511111805342,,511111805342,5d5d4fd16d5f3b23d1bc7905,Cogs
511111318033,BAKING,,5fcff319be37ce6d53dfc690,Cogs
511111003038,,,5332f5ebe4b03c9a25efd0a8,Cpgs
511111615866,BAKING,TEST BRANDCODE @1598554813744,5f4802bdbe37ce0c8303373c,Cogs
511111901587,,RICE-A-RONI,5332f5fbe4b03c9a25efd0ba,Cogs
511111503743,,,53e10d6368abd3c7065097cc,Cpgs
511111504573,,STELLA DORO,5a734034e4b0d58f376be874,Cogs
511111016342,BAKING,TEST BRANDCODE @1598813526686,5f4bf556be37ce0b44915549,Cogs
511111017226,BAKING,TEST BRANDCODE @1604437351678,5fa1c567be37ce402c4618ef,Cogs
511111704423,,CAMPBELLS READY MEALS,5a734034e4b0d58f376be874,Cogs
511111803881,,,53e10d6368abd3c7065097cc,Cpgs
511111215264,CLEANING_AND_HOME_IMPROVEMENT,RESOLVE,5f10c05cbe37ce238c6cabaf,Cogs
511111302292,,,5332f709e4b03c9a25efd0f1,Cogs
511111001324,,MAUI STYLE,5332f5fbe4b03c9a25efd0ba,Cogs
511111002871,,,5332f5ebe4b03c9a25efd0a8,Cpgs
511111804833,,CULTURE REPUBLICK ,5332f5f6e4b03c9a25efd0b4,Cogs
511111906070,,WHEATIES,5332f5f3e4b03c9a25efd0ae,Cogs
511111116806,BAKING,TEST BRANDCODE @1601644882062,5f772951be37ce6b592e90d1,Cogs
511111302575,,,5332f5fbe4b03c9a25efd0ba,Cogs
511111016908,BAKING,TEST BRANDCODE @1601939013444,5f7ba644be37ce23081c5289,Cogs
511111805571,,511111805571,53e10d6368abd3c7065097cc,Cogs
511111816102,BAKING,TEST BRANDCODE @1598635634821,5f493e72be37ce64d0ae36c2,Cogs
511111418214,CANDY_AND_SWEETS,TEST BRANDCODE @1607707830844,5332fa12e4b03c9a25efd1e7,Cogs
511111800644,,ZIMA,5332f709e4b03c9a25efd0f1,Cogs
511111715603,BAKING,TEST BRANDCODE @1598026274609,5f3ff222be37ce1c81aa1e0c,Cogs
511111716716,BAKING,TEST BRANDCODE @1601644363784,5f77274bbe37ce6b592e90b9,Cogs
511111604471,,CAPE COD,5a734034e4b0d58f376be874,Cogs
511111814085,DAIRY_AND_REFRIGERATED,COUNTRY CROCK PLANT BUTTER,5e5ea9cc9c50da1291a6d074,Cogs
511111205388,,511111205388,5d5d4fd16d5f3b23d1bc7905,Cogs
511111206057,,CHOCOLATE LUCKY CHARMS,5332f5f3e4b03c9a25efd0ae,Cogs
511111715832,BAKING,TEST BRANDCODE @1598554813535,5f4802bdbe37ce0c8303373c,Cogs
511111419303,BAKING,,5ffe3381be37ce5e01754c34,Cogs
511111019213,BAKING,TEST BRANDCODE @1610493496975,5ffe2e38be37ce5e01754c21,Cogs
511111919315,BAKING,TEST BRANDCODE @1610495102411,5ffe347ebe37ce5e01754c3d,Cogs
511111119272,BAKING,TEST BRANDCODE @1610494831056,5ffe336ebe37ce5e01754c2e,Cogs
511111319283,BAKING,TEST BRANDCODE @1610494831082,5ffe336ebe37ce5e01754c2e,Cogs
511111619260,BAKING,TEST BRANDCODE @1610494831023,5ffe336ebe37ce5e01754c2e,Cogs
511111219224,BAKING,TEST BRANDCODE @1610493497005,5ffe2e38be37ce5e01754c21,Cogs
511111919247,CANDY_AND_SWEETS,TEST BRANDCODE @1610493497517,5332fa12e4b03c9a25efd1e7,Cogs
511111719236,BAKING,TEST BRANDCODE @1610493497034,5ffe2e38be37ce5e01754c21,Cogs
511111419259,BAKING,TEST BRANDCODE @1610494830985,5ffe336ebe37ce5e01754c2e,Cogs
511111819295,CANDY_AND_SWEETS,TEST BRANDCODE @1610494831583,5332fa12e4b03c9a25efd1e7,Cogs
511111118442,BAKING,TEST BRANDCODE @1608313051339,5fdce8dabe37ce5fa8ba59be,Cogs
511111918431,BAKING,TEST BRANDCODE @1608313051291,5fdce8dabe37ce5fa8ba59be,Cogs
511111618454,CANDY_AND_SWEETS,TEST BRANDCODE @1608313052049,5332fa12e4b03c9a25efd1e7,Cogs
511111318477,BAKING,,5fdce9cabe37ce5fa8ba59cd,Cogs
511111818465,BAKING,,5fdce8edbe37ce5fa8ba59cb,Cogs
511111218418,BAKING,TEST BRANDCODE @1608313051133,5fdce8dabe37ce5fa8ba59be,Cogs
511111418429,BAKING,TEST BRANDCODE @1608313051244,5fdce8dabe37ce5fa8ba59be,Cogs
511111517726,BREAD_AND_BAKERY,BALL PARK,5fb6b608be37ce522e165cb9,Cogs
511111003687,,,5332f5ebe4b03c9a25efd0a8,Cpgs
511111815730,BAKING,TEST BRANDCODE @1598290603618,5f43faabbe37ce3ef3fd3714,Cogs
511111700302,,HIDDEL BARREL COLLECTION,5332f709e4b03c9a25efd0f1,Cogs
511111506195,,LAUNCH BOX,559c2234e4b06aca36af13c6,Cogs
511111101949,,,559c2234e4b06aca36af13c6,Cogs
511111600565,,SIMPLE,5332f5f6e4b03c9a25efd0b4,Cogs
511111600077,,SALON SELECTIVES,53e10d6368abd3c7065097cc,Cogs
511111802358,,CRACKER BARREL,559c2234e4b06aca36af13c6,Cogs
511111404729,BABY,HUGGIES LITTLE SWIMMERS,550b2565e4b001d5e9e4146f,Cogs
511111315674,BAKING,TEST BRANDCODE @1598042673502,5f403231be37ce5f78d9ed14,Cogs
511111918202,BAKING,TEST BRANDCODE @1607707830173,5fd3acb5be37ce0d9386bb3e,Cogs
511111406136,,SHREDS,5332f5f3e4b03c9a25efd0ae,Cogs
511111605546,,BAKEN ETS,5332f5fbe4b03c9a25efd0ba,Cogs
511111306009,,HONEY NUT CHEERIOS,5332f5f3e4b03c9a25efd0ae,Cogs
511111003809,,,5332f734e4b03c9a25efd104,Cpgs
511111302858,,,5332fa58e4b03c9a25efd215,Cpgs
511111903628,,,5332f5f3e4b03c9a25efd0ae,Cpgs
511111415411,BAKING,,5f38576ebe37ce5178517aca,Cogs
511111806899,,DASH-2249 1 BRAND 1,5c76dd1095144c5375687b51,Cogs
511111301745,,CRACKER JACK,5332f5fbe4b03c9a25efd0ba,Cogs
511111316558,BABY,GERBER GOOD START,5f58fa84be37ce21f1287c0f,Cogs
511111915843,BAKING,TEST BRANDCODE @1598554813654,5f4802bdbe37ce0c8303373c,Cogs
511111016069,CANDY_AND_SWEETS,TEST BRANDCODE @1598635436505,5332fa12e4b03c9a25efd1e7,Cogs
511111315445,BAKING,TEST BRANDCODE @1597527951436,5f38578fbe37ce5178517ad3,Cogs
511111502937,,,5332f5ebe4b03c9a25efd0a8,Cpgs
511111304982,,BETTER HOMES & GARDENS,5d5d4fd16d5f3b23d1bc7905,Cogs
511111303459,,,5332f7a7e4b03c9a25efd134,Cpgs
511111017738,GROCERY,BIMBO,5fb6b608be37ce522e165cb9,Cogs
511111402756,,,53e10d6368abd3c7065097cc,Cpgs
511111403357,,LEINENKUGEL'S,5332f709e4b03c9a25efd0f1,Cogs
511111016571,BABY,NESTLE NAN,5f58fa84be37ce21f1287c0f,Cogs
511111815662,BAKING,TEST BRANDCODE @1598042673466,5f403231be37ce5f78d9ed14,Cogs
511111102106,,JET-PUFFED,559c2234e4b06aca36af13c6,Cogs
511111616818,CANDY_AND_SWEETS,TEST BRANDCODE @1601644882548,5332fa12e4b03c9a25efd1e7,Cogs
511111915287,MAGAZINES,HEALTH,5d66b9dcee7f2d201c7281cd,Cogs
511111902027,,,559c2234e4b06aca36af13c6,Cogs
511111016786,BAKING,TEST BRANDCODE @1601644882019,5f772951be37ce6b592e90d1,Cogs
511111002925,,,5332f5ebe4b03c9a25efd0a8,Cpgs
511111416739,BAKING,TEST BRANDCODE @1601644363876,5f77274bbe37ce6b592e90b9,Cogs
511111315162,BAKING,,5f19e062be37ce33f74a1674,Cogs
511111705444,,511111705444,5d5d4fd16d5f3b23d1bc7905,Cogs
511111800439,,MUNCHIES,5332f5fbe4b03c9a25efd0ba,Cogs
511111605775,,511111605775,53e10d6368abd3c7065097cc,Cogs
511111618010,BAKING,TEST BRANDCODE @1607463684816,5fcff304be37ce6d53dfc683,Cogs
511111916000,CANDY_AND_SWEETS,TEST BRANDCODE @1598633694347,5332fa12e4b03c9a25efd1e7,Cogs
511111215776,BAKING,TEST BRANDCODE @1598296704639,5f441280be37ce5dbe9b7c7d,Cogs
511111205890,,ANNIE'S,53e10d6368abd3c7065097cc,Cogs
511111416388,BAKING,TEST BRANDCODE @1598881562991,5f4cff1aa475f1050a66b566,Cogs
511111816331,BAKING,TEST BRANDCODE @1598813526656,5f4bf556be37ce0b44915549,Cogs
511111606147,HEALTHY_AND_WELLNESS,MIDOL,5d9b4f591dda2c6225a284aa,Cogs
511111515470,BAKING,,5f3d6f43be37ce4ddbb1bb38,Cogs
511111604808,,TWISTED RANCH,559c2234e4b06aca36af13c6,Cogs
511111602835,,,5332fa58e4b03c9a25efd215,Cpgs
511111904458,,EMERALD,53e10d6368abd3c7065097cc,Cogs
511111216377,BAKING,TEST BRANDCODE @1598881562500,5f4cff1aa475f1050a66b566,Cogs
511111303176,,,5332f5f2e4b03c9a25efd0aa,Cpgs
511111216216,BAKING,TEST BRANDCODE @1598711015538,5f4a64e7be37ce17d23b3178,Cogs
511111306160,,HERSHEYS HOT COCOA,559c2234e4b06aca36af13c6,Cogs
511111700746,,PG TIPS,5332f5f6e4b03c9a25efd0b4,Cogs
511111501268,,,5332f5fbe4b03c9a25efd0ba,Cogs
511111300427,,MUNCHOS,5332f5fbe4b03c9a25efd0ba,Cogs
511111202004,,LUNCHABLES,559c2234e4b06aca36af13c6,Cogs
511111603207,,,5332f5f2e4b03c9a25efd0aa,Cpgs
511111702504,,,5332f7a7e4b03c9a25efd134,Cpgs
511111015253,CLEANING_AND_HOME_IMPROVEMENT,WOOLITE,5f10c05cbe37ce238c6cabaf,Cogs
511111104971,,511111104971,5d5d4fd16d5f3b23d1bc7905,Cogs
511111704652,,HUGGIES,550b2565e4b001d5e9e4146f,Cogs
511111116196,BAKING,TEST BRANDCODE @1598711015353,5f4a64e7be37ce17d23b3178,Cogs
511111302902,,,5332f5ebe4b03c9a25efd0a8,Cpgs
511111117353,CANDY_AND_SWEETS,TEST BRANDCODE @1605535021531,5332fa12e4b03c9a25efd1e7,Cogs
511111004073,,BISCA,5a734034e4b0d58f376be874,Cogs
511111516408,BAKING,TEST BRANDCODE @1598881563900,5f4cff1aa475f1050a66b566,Cogs
511111116967,BAKING,TEST BRANDCODE @1601939762909,5f7ba932be37ce2f290fb251,Cogs
511111901372,,PERONI,5332f709e4b03c9a25efd0f1,Cogs
511111115878,CANDY_AND_SWEETS,TEST BRANDCODE @1598554814581,5332fa12e4b03c9a25efd1e7,Cogs
511111403074,,,5332fa12e4b03c9a25efd1e7,Cpgs
511111002710,,,55a41a91e4b0d0a65b3692ec,Cpgs
511111917991,BAKING,TEST BRANDCODE @1607463684722,5fcff304be37ce6d53dfc683,Cogs
511111106203,,BETTY CROCKER GUSHERS,5332f5f3e4b03c9a25efd0ae,Cogs
511111603597,,,5332f5f3e4b03c9a25efd0ae,Cpgs
511111515524,CANDY_AND_SWEETS,TEST BRANDCODE @1597861701615,5332fa12e4b03c9a25efd1e7,Cogs
511111103707,,,5332f5ebe4b03c9a25efd0a8,Cpgs
511111215059,BAKING,,5f16f512be37ce2b30061e1d,Cogs
511111505877,,LUCKY CHARMS,5332f5f3e4b03c9a25efd0ae,Cogs
511111802402,,BACK TO NATURE DINNERS,559c2234e4b06aca36af13c6,Cogs
511111503460,,,5332f7a7e4b03c9a25efd134,Cpgs
511111615378,BAKING,TEST BRANDCODE @1597350074366,5f35a0babe37ce6853cff1fd,Cogs
511111302780,,,537b7ec2892471241348d709,Cpgs
511111317876,BAKING,TEST BRANDCODE @1606765578747,5fc54c0abe37ce1911dbb3b1,Cogs
511111117797,GROCERY,GRANDMA SYCAMORE,5fb6b608be37ce522e165cb9,Cogs
511111106364,,MERMAID CEREAL,5332f5f3e4b03c9a25efd0ae,Cogs
511111915355,BAKING,TEST BRANDCODE @1597350074237,5f35a0babe37ce6853cff1fd,Cogs
511111803959,,AQUAFINA,5332f5fbe4b03c9a25efd0ba,Cogs
511111705512,, SOBE,5332f5fbe4b03c9a25efd0ba,Cogs
511111103219,,,5332f5f2e4b03c9a25efd0aa,Cpgs
511111905240,,511111905240,5d5d4fd16d5f3b23d1bc7905,Cogs
511111016625,BAKING,TEST BRANDCODE @1599849713825,5f5bc4f1be37ce17125ac0e8,Cogs
511111802631,,,55b62995e4b0d8e685c14213,Cogs
511111004400,,CAMPBELLS DINNER SAUCES ,5a734034e4b0d58f376be874,Cogs
511111602606,,,55b62995e4b0d8e685c14213,Cogs
511111304821,,WILD STYLE,559c2234e4b06aca36af13c6,Cogs
511111300861,,DOVE BODY,5332f5f6e4b03c9a25efd0b4,Cogs
511111916888,BAKING,TEST BRANDCODE @1601939012950,5f7ba644be37ce23081c5289,Cogs
511111015307,BAKING,TEST BRANDCODE @1597342520238,5f358338be37ce443bf9d557,Cogs
511111616184,BAKING,,5f494cf904db711dd8fe87ef,Cogs
511111602323,,WEIGHT WATCHERS SMART ONES,559c2234e4b06aca36af13c6,Cogs
511111805625,,ALEVE LIQUID GELS,53e10d6368abd3c7065097cc,Cogs
511111603924,,,53e10d6368abd3c7065097cc,Cpgs
511111200963,,SANTITAS,5332f5fbe4b03c9a25efd0ba,Cogs
511111204879,,FRUIT LOVE,559c2234e4b06aca36af13c6,Cogs
511111301462,,TROPICANA,5332f5fbe4b03c9a25efd0ba,Cogs
511111001553,,,53e10d6368abd3c7065097cc,Cpgs
511111106081,,RAISIN NUT BRAN,5332f5f3e4b03c9a25efd0ae,Cogs
511111405696,,511111405696,53e10d6368abd3c7065097cc,Cogs
511111503255,,,5332f5f2e4b03c9a25efd0aa,Cpgs
511111901143,,VELVEETA,559c2234e4b06aca36af13c6,Cogs
511111400837,,GOOD HUMOR,5332f5f6e4b03c9a25efd0b4,Cogs
511111804277,,JUST CRACK AN EGG,559c2234e4b06aca36af13c6,Cogs
511111917274,BAKING,TEST BRANDCODE @1604946244789,5fa98944be37ce239d1070ff,Cogs
511111305071,,511111305071,5d5d4fd16d5f3b23d1bc7905,Cogs
511111100850,,,5332f5f6e4b03c9a25efd0b4,Cogs
511111701064,,,559c2234e4b06aca36af13c6,Cogs
511111316329,BAKING,TEST BRANDCODE @1598813526618,5f4bf556be37ce0b44915549,Cogs
511111716877,BAKING,,5f7760ffbe37ce1d26d7b7a8,Cogs
511111503972,,PEPSI,5332f5fbe4b03c9a25efd0ba,Cpgs
511111705888,,MOTT'S,5332f5f3e4b03c9a25efd0ae,Cogs
511111503187,,,5332f5f2e4b03c9a25efd0aa,Cpgs
511111604242,,RIBERHUS,5a734034e4b0d58f376be874,Cogs
511111601234,,HERSHEY'S PUDDING,559c2234e4b06aca36af13c6,Cogs
511111716433,BAKING,TEST BRANDCODE @1599097538395,5f504ac2be37ce0b793c9411,Cogs
511111003526,,,5332f7a7e4b03c9a25efd134,Cpgs
511111802846,,,5332fa58e4b03c9a25efd215,Cpgs
511111218067,BAKING,TEST BRANDCODE @1607636368260,5fd29590be37ce38bbbefb25,Cogs
511111604754,,GO & GROW,59b96571e4b0bf7c7980588b,Cogs
511111115205,BAKING,TEST BRANDCODE @1595968943087,5f208daebe37ce7958c59520,Cogs
511111000884,,COUNTRY CROCK,53e10d6368abd3c7065097cc,Cogs
511111601517,,STACY'S,5332f5fbe4b03c9a25efd0ba,Cogs
511111703549,,,5332f7a7e4b03c9a25efd134,Cpgs
511111100348,,MR. YOSHIDA'S,559c2234e4b06aca36af13c6,Cogs
511111203605,,,5332f5f3e4b03c9a25efd0ae,Cpgs
511111902300,,,53e10d6368abd3c7065097cc,Cpgs
511111517238,CANDY_AND_SWEETS,TEST BRANDCODE @1604437352151,5332fa12e4b03c9a25efd1e7,Cogs
511111616306,BAKING,,5f4a7a60be37ce2d95e65cac,Cogs
511111415138,BAKING,TEST BRANDCODE @1595531348410,5f19e054be37ce33f74a166e,Cogs
511111018100,BAKING,,5fd29591be37ce38bbbefb2b,Cogs
511111902973,,,5332f5ebe4b03c9a25efd0a8,Cpgs
511111015819,CANDY_AND_SWEETS,TEST BRANDCODE @1598296705444,5332fa12e4b03c9a25efd1e7,Cogs
511111702016,,LEA & PERRINS,559c2234e4b06aca36af13c6,Cogs
511111203049,,,5332f5ebe4b03c9a25efd0a8,Cpgs
511111302131,,HEINZ,559c2234e4b06aca36af13c6,Cogs
511111017387,GROCERY,SARA LEE ,5fb6b608be37ce522e165cb9,Cogs
511111017011,BAKING,TEST BRANDCODE @1602694015481,5f872b7fbe37ce66db5dd975,Cogs
511111400325,,OVEN FRY,559c2234e4b06aca36af13c6,Cogs
511111505204,,,53e10d6368abd3c7065097cc,Cogs
511111016298,CANDY_AND_SWEETS,TEST BRANDCODE @1598716510157,5332fa12e4b03c9a25efd1e7,Cogs
511111602484,,,5332f7a7e4b03c9a25efd134,Cpgs
511111300144,,TWO HATS,5332f709e4b03c9a25efd0f1,Cogs
511111000952,,STARBUCKS Bottled Drinks,5332f5fbe4b03c9a25efd0ba,Cogs
511111601722,,FRITOS,5332f5fbe4b03c9a25efd0ba,Cogs
511111701620,,PASTA RONI,5332f5fbe4b03c9a25efd0ba,Cogs
511111702665,,BRAND CODE,55b62995e4b0d8e685c14213,Cogs
511111604969,,ALLRECIPES,5d5d4fd16d5f3b23d1bc7905,Cogs
511111504061,,,53e10d6368abd3c7065097cc,Cogs
511111117919,BAKING,,5fc54c17be37ce1911dbb3b7,Cogs
511111504290,,V8 V FUSION ,5a734034e4b0d58f376be874,Cogs
511111916444,BAKING,TEST BRANDCODE @1599097538537,5f504ac2be37ce0b793c9411,Cogs
511111705390,,H20H,5332f5fbe4b03c9a25efd0ba,Cogs
511111603368,,MILLER GENUINE DRAFT,5332f709e4b03c9a25efd0f1,Cogs
511111817093,BAKING,TEST BRANDCODE @1603760319814,5f9770bfbe37ce03d08a2d83,Cogs
511111703266,,,5332f5f2e4b03c9a25efd0aa,Cpgs
511111203551,,,5332f7a7e4b03c9a25efd134,Cpgs
511111504900,,AMAZING GRAINS,559c2234e4b06aca36af13c6,Cogs
511111915126,BAKING,TEST BRANDCODE @1595531348374,5f19e054be37ce33f74a166e,Cogs
511111406297,,CHOCOLATE CHEERIOS,53e10d6368abd3c7065097cc,Cogs
511111105480,,ONE,5332f5fbe4b03c9a25efd0ba,Cogs
511111600282,,KEYSTONE ICE,5332f709e4b03c9a25efd0f1,Cogs
511111800361,,DIGIORNO CHEESE,559c2234e4b06aca36af13c6,Cogs
511111004912,,CALEBS KOLA,53e10d6368abd3c7065097cc,Cogs
511111619826,BAKING,TEST BRANDCODE @1611088503776,60074277be37ce360be639fe,Cogs
511111401360,,PILSNER URQUELL,5332f709e4b03c9a25efd0f1,Cogs
511111915560,BAKING,TEST BRANDCODE @1597935986474,5f3e9172be37ce5a0e01b952,Cogs
511111602767,,,540f215de4b09fb9af4b49f1,Cpgs
511111804321,, MILANO,5a734034e4b0d58f376be874,Cogs
511111618225,BAKING,,5fd3acb9be37ce0d9386bb4b,Cogs
511111402800,,,53501d2ab9237fd7718f9e1a,Cpgs
511111815228,BAKING,,5f208db0be37ce7958c59526,Cogs
511111006305,,GENERAL MILLS CEREAL,53e10d6368abd3c7065097cc,Cogs
511111516125,CANDY_AND_SWEETS,TEST BRANDCODE @1598635635448,5332fa12e4b03c9a25efd1e7,Cogs
511111500896,,CLEAR,5332f5f6e4b03c9a25efd0b4,Cogs
511111700463,,ARNOLD PALMER SPIKED HALF & HALF ORIGINAL,5332f709e4b03c9a25efd0f1,Cogs
511111817703,BEER_WINE_SPIRITS,ABSOLUT® LIME,5fb6d381be37ce522e165cbd,Cogs
511111817659,BEER_WINE_SPIRITS,ABSOLUT® JUICE STRAWBERRY,5fb6d381be37ce522e165cbd,Cogs
511111517672,BEER_WINE_SPIRITS,ABSOLUT® ORIGINAL,5fb6d381be37ce522e165cbd,Cogs
511111717683,BEER_WINE_SPIRITS,ABSOLUT® MANDRIN,5fb6d381be37ce522e165cbd,Cogs
511111517511,BEER_WINE_SPIRITS,ABSOLUT ELYX,5fb6d381be37ce522e165cbd,Cogs
511111017660,BEER_WINE_SPIRITS,ABSOLUT® JUICE APPLE,5fb6d381be37ce522e165cbd,Cogs
511111017509,BEER_WINE_SPIRITS,ABERLOUR,5fb6d381be37ce522e165cbd,Cogs
511111317593,BEER_WINE_SPIRITS,JAMESON COLD BREW ,5fb6d381be37ce522e165cbd,Cogs
511111817420,BEER_WINE_SPIRITS,JEFFERSON’S RESERVE,5fb6d381be37ce522e165cbd,Cogs
511111617419,BEER_WINE_SPIRITS,CAMPO VIEJO,5fb6d381be37ce522e165cbd,Cogs
511111917489,BEER_WINE_SPIRITS,KAHLUA,5fb6d381be37ce522e165cbd,Cogs
511111017455,BEER_WINE_SPIRITS,MUMM NAPA ,5fb6d381be37ce522e165cbd,Cogs
511111717478,BEER_WINE_SPIRITS,MALFY,5fb6d381be37ce522e165cbd,Cogs
511111117636,BEER_WINE_SPIRITS,MALIBU® LIME,5fb6d381be37ce522e165cbd,Cogs
511111317647,BEER_WINE_SPIRITS,MALIBU® STRAWBERRY,5fb6d381be37ce522e165cbd,Cogs
511111217534,BEER_WINE_SPIRITS,REDBREAST 12YO ,5fb6d381be37ce522e165cbd,Cogs
511111115434,BAKING,TEST BRANDCODE @1597527951412,5f38578fbe37ce5178517ad3,Cogs
511111215820,BAKING,,5f441281be37ce5dbe9b7c83,Cogs
511111800200,,SOL,5332f709e4b03c9a25efd0f1,Cogs
511111903291,,,5332f7ffe4b03c9a25efd16b,Cpgs
511111201793,,,5332f5fbe4b03c9a25efd0ba,Cogs
511111816546,CANDY_AND_SWEETS,TEST BRANDCODE @1599159969725,5332fa12e4b03c9a25efd1e7,Cogs
511111216421,BAKING,,5f4cffbaa475f1050a66b573,Cogs
511111701903,,WYLER'S,559c2234e4b06aca36af13c6,Cogs
511111616979,BAKING,TEST BRANDCODE @1601939762943,5f7ba932be37ce2f290fb251,Cogs
511111006183,,FAT RABBIT,559c2234e4b06aca36af13c6,Cogs
511111406068,,TOTAL,5332f5f3e4b03c9a25efd0ae,Cogs
511111516071,BAKING,,5f493e72be37ce64d0ae36c0,Cogs
511111616023,BAKING,TEST BRANDCODE @1598635435829,5f493dabbe37ce64d0ae36ba,Cogs
511111402688,,,55a58719e4b0d0a65b3693cc,Cpgs
511111118237,BAKING,TEST BRANDCODE @1607708191093,5fd3ae1fbe37ce0d9386bb54,Cogs
511111503026,,,5332f5ebe4b03c9a25efd0a8,Cpgs
511111617624,BEER_WINE_SPIRITS,MALIBU® PINEAPPLE,5fb6d381be37ce522e165cbd,Cogs
511111104742,,PURE BLISS,59b96571e4b0bf7c7980588b,Cogs
511111604198,,ROYAL DANSK,5a734034e4b0d58f376be874,Cogs
511111416227,BAKING,TEST BRANDCODE @1598711015578,5f4a64e7be37ce17d23b3178,Cogs
511111402039,,,53e10d6368abd3c7065097cc,Cpgs
511111402312,,DEVOUR,559c2234e4b06aca36af13c6,Cogs
511111704096,,CAMPBELLS,5a734034e4b0d58f376be874,Cogs
511111915072,BAKING,TEST BRANDCODE @1595340086011,5f16f535be37ce2b30061e24,Cogs
511111200475,,STUBBORN SODA,5332f5fbe4b03c9a25efd0ba,Cogs
511111517443,BEER_WINE_SPIRITS,AVION,5fb6d381be37ce522e165cbd,Cogs
511111318682,BAKING,TEST BRANDCODE @1610039590413,5ff74126be37ce1e961f326e,Cogs
511111618669,BAKING,TEST BRANDCODE @1610039590349,5ff74126be37ce1e961f326e,Cogs
511111818694,BAKING,TEST BRANDCODE @1610039590443,5ff74126be37ce1e961f326e,Cogs
511111918714,BAKING,,5ff744ffbe37ce1e961f3274,Cogs
511111118671,BAKING,TEST BRANDCODE @1610039590383,5ff74126be37ce1e961f326e,Cogs
511111418702,CANDY_AND_SWEETS,TEST BRANDCODE @1610039590990,5332fa12e4b03c9a25efd1e7,Cogs
511111719441,BAKING,TEST BRANDCODE @1610495622485,5ffe3686be37ce5e01754c5d,Cogs
511111619499,BAKING,TEST BRANDCODE @1610496646104,5ffe3a85be37ce7aab2d4fd4,Cogs
511111219453,BAKING,TEST BRANDCODE @1610495622510,5ffe3686be37ce5e01754c5d,Cogs
511111119487,CANDY_AND_SWEETS,TEST BRANDCODE @1610495623019,5332fa12e4b03c9a25efd1e7,Cogs
511111419464,BAKING,TEST BRANDCODE @1610495622536,5ffe3686be37ce5e01754c5d,Cogs
511111919476,BAKING,TEST BRANDCODE @1610495622560,5ffe3686be37ce5e01754c5d,Cogs
511111214038,HEALTHY_AND_WELLNESS,ONE A DAY,5d9b4f591dda2c6225a284aa,Cogs
511111803003,,,5332f5ebe4b03c9a25efd0a8,Cpgs
511111705239,,511111705239,5d5d4fd16d5f3b23d1bc7905,Cogs
511111614074,DAIRY_AND_REFRIGERATED,COUNTRY CROCK ORIGINAL,5e5ea9cc9c50da1291a6d074,Cogs
511111900825,,HELLMANN'S/BEST FOODS,5332f5f6e4b03c9a25efd0b4,Cogs
511111615422,BAKING,TEST BRANDCODE @1597527951382,5f38578fbe37ce5178517ad3,Cogs
511111516798,BAKING,TEST BRANDCODE @1601644882040,5f772951be37ce6b592e90d1,Cogs
511111015468,CANDY_AND_SWEETS,TEST BRANDCODE @1597527952048,5332fa12e4b03c9a25efd1e7,Cogs
511111116240,BAKING,,5f4a650bbe37ce17d23b317e,Cogs
511111715764,BAKING,,5f43faadbe37ce3ef3fd371a,Cogs
511111615217,CANDY_AND_SWEETS,TEST BRANDCODE @1595968943787,5332fa12e4b03c9a25efd1e7,Cogs
511111200680,,TALENTI,5332f5f6e4b03c9a25efd0b4,Cogs
511111716082,BAKING,TEST BRANDCODE @1598635634767,5f493e72be37ce64d0ae36c2,Cogs
511111305842,,511111305842,53e10d6368abd3c7065097cc,Cogs
511111601005,,RED DOG,5332f709e4b03c9a25efd0f1,Cogs
511111201359,,SMITH & FORGE,5332f709e4b03c9a25efd0f1,Cogs
511111200031,,LIPTON Iced Tea Beverages,5332f5fbe4b03c9a25efd0ba,Cogs
511111201564,,RUFFLES,5332f5fbe4b03c9a25efd0ba,Cogs
511111604310,,V8 PLUS ENERGY ,5a734034e4b0d58f376be874,Cogs
511111804550,,POP SECRET,5a734034e4b0d58f376be874,Cogs
511111316992,CANDY_AND_SWEETS,TEST BRANDCODE @1601939763539,5332fa12e4b03c9a25efd1e7,Cogs
511111203322,,,5332f7ffe4b03c9a25efd16b,Cpgs
511111801191,,CAPRI SUN,559c2234e4b06aca36af13c6,Cogs
511111100416,,NUT HARVEST,5332f5fbe4b03c9a25efd0ba,Cogs
511111916390,BAKING,TEST BRANDCODE @1598881563437,5f4cff1aa475f1050a66b566,Cogs
511111902539,,,5332f5f2e4b03c9a25efd0aa,Cpgs
511111216650,BAKING,TEST BRANDCODE @1600291349208,5f628214be37ce78e6e2efaa,Cogs
511111102823,,,53501d2ab9237fd7718f9e18,Cpgs
511111204596,,HENRY WEINHARDS,53e10d6368abd3c7065097cc,Cogs
511111116479,CANDY_AND_SWEETS,TEST BRANDCODE @1599097539367,5332fa12e4b03c9a25efd1e7,Cogs
511111905035,,511111905035,5d5d4fd16d5f3b23d1bc7905,Cogs
511111706274,,FRUITY CHEERIOS,53e10d6368abd3c7065097cc,Cogs
511111905752,,FLINTSTONES MULTIVITAMIN GUMMY,53e10d6368abd3c7065097cc,Cogs
511111102267,,FOSTER'S,5332f709e4b03c9a25efd0f1,Cogs
511111904892,,F WHITLOCK AND SONS,559c2234e4b06aca36af13c6,Cogs
511111318804,BAKING,TEST BRANDCODE @1610046687007,5ff75cdebe37ce1e961f328c,Cogs
511111818816,BAKING,TEST BRANDCODE @1610046687035,5ff75cdebe37ce1e961f328c,Cogs
511111718796,BAKING,TEST BRANDCODE @1610046686980,5ff75cdebe37ce1e961f328c,Cogs
511111416456,BAKING,TEST BRANDCODE @1599097538572,5f504ac2be37ce0b793c9411,Cogs
511111314097,DAIRY_AND_REFRIGERATED,I CAN'T BELIEVE IT'S NOT BUTTER,5e5ea9cc9c50da1291a6d074,Cogs
511111118008,BAKING,TEST BRANDCODE @1607463684777,5fcff304be37ce6d53dfc683,Cogs
511111701781,,BAKEN-ETS,5332f5fbe4b03c9a25efd0ba,Cogs
511111405979,,LIBERTE,5332f5f3e4b03c9a25efd0ae,Cogs
511111006251,,APPLE CINNAMON CHEERIOS,53e10d6368abd3c7065097cc,Cogs
511111700180,,ST STEFANUS,5332f709e4b03c9a25efd0f1,Cogs
511111304050,,,5332f5ebe4b03c9a25efd0a8,Cpgs
511111101734,,DOLE CHILLED FRUIT JUICES,5332f5fbe4b03c9a25efd0ba,Cogs
511111915409,BAKING,,5f35a0bcbe37ce6853cff20a,Cogs
511111703822,,,5332f5f3e4b03c9a25efd0ae,Cpgs
511111700692,,SUAVE,5332f5f6e4b03c9a25efd0b4,Cogs
511111402190,,CLASSICO,559c2234e4b06aca36af13c6,Cogs
511111402473,,,5332f7a7e4b03c9a25efd134,Cpgs
511111717805,GROCERY,STROEHMANN,5fb6b608be37ce522e165cb9,Cogs
511111305354,,BUBLY,5332f5fbe4b03c9a25efd0ba,Cogs
511111004356,,1915 BOLTHOUSE FARMS,5a734034e4b0d58f376be874,Cogs
511111018827,CANDY_AND_SWEETS,TEST BRANDCODE @1610046687624,5332fa12e4b03c9a25efd1e7,Cogs
511111218784,BAKING,TEST BRANDCODE @1610046686954,5ff75cdebe37ce1e961f328c,Cogs
511111518839,BAKING,TEST BRANDCODE @1610049748079,5ff768d4be37ce1e961f3299,Cogs
511111114062,HEALTHY_AND_WELLNESS,MIRALAX LAXATIVES,5d9b4f591dda2c6225a284aa,Cogs
511111318248,BAKING,TEST BRANDCODE @1607708191128,5fd3ae1fbe37ce0d9386bb54,Cogs
511111818250,BAKING,TEST BRANDCODE @1607708191160,5fd3ae1fbe37ce0d9386bb54,Cogs
511111018261,BAKING,TEST BRANDCODE @1607708191197,5fd3ae1fbe37ce0d9386bb54,Cogs
511111518273,CANDY_AND_SWEETS,TEST BRANDCODE @1607708191721,5332fa12e4b03c9a25efd1e7,Cogs
511111718284,BAKING,,5fd3ae20be37ce0d9386bb5a,Cogs
511111519591,BAKING,TEST BRANDCODE @1610562208718,5fff3aa0be37ce2bb7930116,Cogs
511111619611,BAKING,TEST BRANDCODE @1610653894219,6000a0c6be37ce2bb793011c,Cogs
511111319566,BAKING,TEST BRANDCODE @1610562208600,5fff3aa0be37ce2bb7930116,Cogs
511111819578,BAKING,TEST BRANDCODE @1610562208645,5fff3aa0be37ce2bb7930116,Cogs
511111119609,CANDY_AND_SWEETS,TEST BRANDCODE @1610562209325,5332fa12e4b03c9a25efd1e7,Cogs
511111019589,BAKING,TEST BRANDCODE @1610562208680,5fff3aa0be37ce2bb7930116,Cogs
511111019701,BAKING,TEST BRANDCODE @1610660035827,6000b8c3be37ce321363c6bf,Cogs
511111419693,BAKING,TEST BRANDCODE @1610660035788,6000b8c3be37ce321363c6bf,Cogs
511111519713,CANDY_AND_SWEETS,TEST BRANDCODE @1610660036398,5332fa12e4b03c9a25efd1e7,Cogs
511111219736,BAKING,TEST BRANDCODE @1610718082494,60019b82be37ce4f17e558d1,Cogs
511111801474,,,5332f5fbe4b03c9a25efd0ba,Cogs
511111702733,,,5459429be4b0bfcb1e864082,Cpgs
511111201847,,T.G.I. FRIDAY'S,559c2234e4b06aca36af13c6,Cogs
511111600350,,CUSQUENA,5332f709e4b03c9a25efd0f1,Cogs
511111517399,BREAD_AND_BAKERY,ARNOLD,5fb6b608be37ce522e165cb9,Cogs
511111001997,,MC CAFE,559c2234e4b06aca36af13c6,Cogs
511111404514,,O-KE-DOKE,5a734034e4b0d58f376be874,Cogs
511111517955,BAKING,TEST BRANDCODE @1607312532260,5fcda494be37ce688e08b0cb,Cogs
511111505648,,ALKA SELTZER ADULT HEARTBURN CHEWS/ GUMMY/ TAB,53e10d6368abd3c7065097cc,Cogs
511111615149,BAKING,TEST BRANDCODE @1595531348450,5f19e054be37ce33f74a166e,Cogs
511111816058,BAKING,TEST BRANDCODE @1598635435926,5f493dabbe37ce64d0ae36ba,Cogs
511111018056,BAKING,TEST BRANDCODE @1607636368136,5fd29590be37ce38bbbefb25,Cogs
511111416012,BAKING,,5f493d85be37ce64d0ae36b1,Cogs
511111201281,,,5332f5fbe4b03c9a25efd0ba,Cogs
511111806387,,OATMEAL CRISP,5332f5f3e4b03c9a25efd0ae,Cogs
511111101383,,,5332f709e4b03c9a25efd0f1,Cogs
511111818533,BAKING,,5ff3842abe37ce2c56dacbab,Cogs
511111518556,BAKING,TEST BRANDCODE @1609794603283,5ff3842bbe37ce2c56dacbad,Cogs
511111614630,HEALTHY_AND_WELLNESS,PHILLIPS'®DIGESTIVE,5d9b4f591dda2c6225a284aa,Cogs
511111919681,BAKING,TEST BRANDCODE @1610660035741,6000b8c3be37ce321363c6bf,Cogs
511111719724,BAKING,,6000b8c4be37ce321363c6c5,Cogs
511111018544,BAKING,TEST BRANDCODE @1609794603237,5ff3842bbe37ce2c56dacbad,Cogs
511111218579,BAKING,TEST BRANDCODE @1609794603367,5ff3842bbe37ce2c56dacbad,Cogs
511111718567,BAKING,TEST BRANDCODE @1609794603327,5ff3842bbe37ce2c56dacbad,Cogs
511111418580,CANDY_AND_SWEETS,TEST BRANDCODE @1609794603942,5332fa12e4b03c9a25efd1e7,Cogs
511111918592,BAKING,TEST BRANDCODE @1610038521409,5ff73cf9be37ce1e961f3256,Cogs
511111419747,BAKING,TEST BRANDCODE @1610718082601,60019b82be37ce4f17e558d1,Cogs
511111619772,CANDY_AND_SWEETS,TEST BRANDCODE @1610718083279,5332fa12e4b03c9a25efd1e7,Cogs
511111319795,BAKING,,60074260be37ce360be639f5,Cogs
511111119760,BAKING,TEST BRANDCODE @1610718082685,60019b82be37ce4f17e558d1,Cogs
511111819783,BAKING,,60019b83be37ce4f17e558d7,Cogs
511111919759,BAKING,TEST BRANDCODE @1610718082644,60019b82be37ce4f17e558d1,Cogs
511111319122,BAKING,,5ff8b5febe37ce4a13986613,Cogs
511111119111,CANDY_AND_SWEETS,TEST BRANDCODE @1610135036684,5332fa12e4b03c9a25efd1e7,Cogs
511111919193,BAKING,,5ffe2df8be37ce5e01754c1f,Cogs
511111519201,BAKING,TEST BRANDCODE @1610493496943,5ffe2e38be37ce5e01754c21,Cogs
511111219170,CANDY_AND_SWEETS,TEST BRANDCODE @1610493089082,5332fa12e4b03c9a25efd1e7,Cogs
511111019091,BAKING,TEST BRANDCODE @1610135035614,5ff8b5fbbe37ce4a1398660d,Cogs
511111419181,BAKING,,5ffe2ce0be37ce5e01754c16,Cogs
511111619109,BAKING,TEST BRANDCODE @1610135035679,5ff8b5fbbe37ce4a1398660d,Cogs
511111519089,BAKING,TEST BRANDCODE @1610135035546,5ff8b5fbbe37ce4a1398660d,Cogs
511111819134,BAKING,TEST BRANDCODE @1610493088287,5ffe2ca0be37ce5e01754c09,Cogs
511111519157,BAKING,TEST BRANDCODE @1610493088459,5ffe2ca0be37ce5e01754c09,Cogs
511111019145,BAKING,TEST BRANDCODE @1610493088421,5ffe2ca0be37ce5e01754c09,Cogs
511111719168,BAKING,TEST BRANDCODE @1610493088494,5ffe2ca0be37ce5e01754c09,Cogs
511111819066,BAKING,,5ff789d5be37ce786ba0f6a8,Cogs
511111119043,BAKING,TEST BRANDCODE @1610058181760,5ff789c5be37ce786ba0f6a2,Cogs
511111319078,BAKING,TEST BRANDCODE @1610135035332,5ff8b5fbbe37ce4a1398660d,Cogs
511111619055,CANDY_AND_SWEETS,TEST BRANDCODE @1610058182453,5332fa12e4b03c9a25efd1e7,Cogs
511111419020,BAKING,TEST BRANDCODE @1610058181682,5ff789c5be37ce786ba0f6a2,Cogs
511111919032,BAKING,TEST BRANDCODE @1610058181719,5ff789c5be37ce786ba0f6a2,Cogs
511111906285,,HERSHEYS CEREAL,5332f5f3e4b03c9a25efd0ae,Cogs
511111415787,BAKING,TEST BRANDCODE @1598296704728,5f441280be37ce5dbe9b7c7d,Cogs
511111701347,,AMP,53e10d6368abd3c7065097cc,Cogs
511111003755,,,5332f5ebe4b03c9a25efd0a8,Cpgs
511111905318,,511111905318,5d5d4fd16d5f3b23d1bc7905,Cogs
511111500940,,AXE,5332f5f6e4b03c9a25efd0b4,Cogs
511111116035,BAKING,TEST BRANDCODE @1598635435855,5f493dabbe37ce64d0ae36ba,Cogs
511111617907,CANDY_AND_SWEETS,TEST BRANDCODE @1606765582946,5332fa12e4b03c9a25efd1e7,Cogs
511111503811,,,5332f712e4b03c9a25efd0f9,Cpgs
511111203834,,,53e10d6368abd3c7065097cc,Cpgs
511111216933,BAKING,,5f7ba678be37ce23081c5296,Cogs
511111806509,,ALEXA-O'S,5c6d516795144c607914426e,Cogs
511111904014,,,5332f5f2e4b03c9a25efd0aa,Cpgs
511111005704,,511111005704,53e10d6368abd3c7065097cc,Cogs
511111017172,BAKING,,5f99f720be37ce13da9eadec,Cogs
511111805069,,511111805069,5d5d4fd16d5f3b23d1bc7905,Cogs
511111402244,,STEEL RESERVE,5332f709e4b03c9a25efd0f1,Cogs
511111904946,,POP WORKS & COMPANY,5332f5fbe4b03c9a25efd0ba,Cogs
511111900498,,SABRITONES,5332f5fbe4b03c9a25efd0ba,Cogs
511111205456,,511111205456,5d5d4fd16d5f3b23d1bc7905,Cogs
511111200314,,SURE-JELL,559c2234e4b06aca36af13c6,Cogs
511111500179,,TERRAPIN,5332f709e4b03c9a25efd0f1,Cogs
511111501053,,SMART MADE,559c2234e4b06aca36af13c6,Cogs
511111417057,BAKING,,5f872bd3be37ce66db5dd982,Cogs
511111405023,,511111405023,5d5d4fd16d5f3b23d1bc7905,Cogs
511111404231,,LOVE BEAUTY AND PLANET,5332f5f6e4b03c9a25efd0b4,Cogs
511111005865,,PROTEIN ONE,5332f5f3e4b03c9a25efd0ae,Cogs
511111203766,,,5332f5ebe4b03c9a25efd0a8,Cpgs
511111605492,,511111605492,5d5d4fd16d5f3b23d1bc7905,Cogs
511111414551,BAKING,,5ea07defbe37ce3e45b6a780,Cogs
511111501541,,,5332f5fbe4b03c9a25efd0ba,Cogs
511111617136,BAKING,TEST BRANDCODE @1603925787381,5f99f71bbe37ce13da9eade6,Cogs
511111002086,,KOOL-AID,559c2234e4b06aca36af13c6,Cogs
511111203995,,,5332f5ebe4b03c9a25efd0a8,Cpgs
511111416890,BAKING,TEST BRANDCODE @1601939013241,5f7ba644be37ce23081c5289,Cogs
511111401438,,,559c2234e4b06aca36af13c6,Cogs
511111803447,,,5332f7a7e4b03c9a25efd134,Cpgs
511111615705,BAKING,,5f403232be37ce5f78d9ed1a,Cogs
511111317715,BEER_WINE_SPIRITS,ABSOLUT® CITRON,5fb6d381be37ce522e165cbd,Cogs
511111717522,BEER_WINE_SPIRITS,AVION R44,5fb6d381be37ce522e165cbd,Cogs
511111102984,,,5332f5ebe4b03c9a25efd0a8,Cpgs
511111418146,BAKING,TEST BRANDCODE @1607639231710,5fd2a0bfbe37ce49eb72c0ef,Cogs
511111902812,,,53501d2ab9237fd7718f9e1a,Cpgs
511111900269,,MILLER FORTUNE,5332f709e4b03c9a25efd0f1,Cogs
511111900771,,LEVER 2000,5332f5f6e4b03c9a25efd0b4,Cogs
511111105558,BABY,A+D,5d9b4f591dda2c6225a284aa,Cogs
511111312949,,PULLUPS,550b2565e4b001d5e9e4146f,Cogs
511111216582,BAKING,,5f5bc4f1be37ce17125ac0e6,Cogs
511111817864,BAKING,TEST BRANDCODE @1606765578435,5fc54c0abe37ce1911dbb3b1,Cogs
511111003960,,MOUNTAIN DEW,5332f5fbe4b03c9a25efd0ba,Cogs
511111102052,,,559c2234e4b06aca36af13c6,Cogs
511111101505,,SUN CHIPS,5332f5fbe4b03c9a25efd0ba,Cogs
511111716365,CANDY_AND_SWEETS,TEST BRANDCODE @1598813527796,5332fa12e4b03c9a25efd1e7,Cogs
511111800712,,PURE LEAF Tea Leaves,5332f5f6e4b03c9a25efd0b4,Cogs
511111201120,,CORN NUTS,559c2234e4b06aca36af13c6,Cogs
511111702382,,BREAKSTONE'S,559c2234e4b06aca36af13c6,Cogs
511111200192,,SPARKS,5332f709e4b03c9a25efd0f1,Cogs
511111316275,BAKING,TEST BRANDCODE @1598716509358,5f4a7a5bbe37ce2d95e65c9f,Cogs
511111301189,,MAXWELL HOUSE,559c2234e4b06aca36af13c6,Cogs
511111603436,,,5332f7a7e4b03c9a25efd134,Cpgs
511111516637,CANDY_AND_SWEETS,TEST BRANDCODE @1599849714378,5332fa12e4b03c9a25efd1e7,Cogs
511111716204,BAKING,TEST BRANDCODE @1598711015496,5f4a64e7be37ce17d23b3178,Cogs
511111800088,,CONTINENTAL SOUP,5332f5f6e4b03c9a25efd0b4,Cogs
511111213925,,GARNIER - HAIR COLOR,5e28b81cee7f2d697e835bcd,Cogs
511111114628,HEALTHY_AND_WELLNESS,AFRIN® NASAL SPRAY,5d9b4f591dda2c6225a284aa,Cogs
511111605980,,GOODBELLY,5332f5f3e4b03c9a25efd0ae,Cogs
511111200758,,NEXXUS,5332f5f6e4b03c9a25efd0b4,Cogs
511111004127,,V8,5a734034e4b0d58f376be874,Cogs
511111502654,,,55b62995e4b0d8e685c14213,Cpgs
511111300090,,COLMAN'S,53e10d6368abd3c7065097cc,Cogs
511111704140,,PREGO,5a734034e4b0d58f376be874,Cogs
511111517887,BAKING,TEST BRANDCODE @1606765578985,5fc54c0abe37ce1911dbb3b1,Cogs
511111914105,DAIRY_AND_REFRIGERATED,BRUMMEL & BROWN,5e5ea9cc9c50da1291a6d074,Cogs
511111705956,,YQ YOPLAIT,5332f5f3e4b03c9a25efd0ae,Cogs
511111805298,,511111805298,5d5d4fd16d5f3b23d1bc7905,Cogs
511111205227,,,53e10d6368abd3c7065097cc,Cogs
511111117285,BAKING,TEST BRANDCODE @1604946244833,5fa98944be37ce239d1070ff,Cogs
511111205661,,ALKA SELTZER COLD AND FLU TAB/ CAPS/ GEL,53e10d6368abd3c7065097cc,Cogs
511111115151,CANDY_AND_SWEETS,TEST BRANDCODE @1595531349206,5332fa12e4b03c9a25efd1e7,Cogs
511111905806,,511111905806,53e10d6368abd3c7065097cc,Cogs
511111003472,,,5332f7a7e4b03c9a25efd134,Cpgs
511111105831,,511111105831,53e10d6368abd3c7065097cc,Cogs
511111403791,,,5332f5ebe4b03c9a25efd0a8,Cpgs
511111804765,,BOLD BUTCHER,559c2234e4b06aca36af13c6,Cogs
511111601678,,LAY'S,5332f5fbe4b03c9a25efd0ba,Cogs
511111401599,,,5332f5fbe4b03c9a25efd0ba,Cogs
511111300939,FROZEN,BEN & JERRY'S,5332f5f6e4b03c9a25efd0b4,Cogs
511111816263,BAKING,TEST BRANDCODE @1598716509304,5f4a7a5bbe37ce2d95e65c9f,Cogs
511111202950,,,5332f5ebe4b03c9a25efd0a8,Cpgs
511111106432,,FRS920,5c6c2ee995144c6db8fe1976,Cogs
511111615651,BAKING,TEST BRANDCODE @1598042673378,5f403231be37ce5f78d9ed14,Cogs
511111804604,,V8 HYDRATE,5a734034e4b0d58f376be874,Cogs
511111002369,,COUNTRY TIME,559c2234e4b06aca36af13c6,Cogs
511111102779,,,56462469e4b0c05761111936,Cogs
511111419815,BAKING,TEST BRANDCODE @1611088503732,60074277be37ce360be639fe,Cogs
511111401643,,NAKED JUICE,5332f5fbe4b03c9a25efd0ba,Cogs
511111800927,,BREYERS,5332f5f6e4b03c9a25efd0b4,Cogs
511111817215,BAKING,TEST BRANDCODE @1604437351646,5fa1c567be37ce402c4618ef,Cogs
511111105275,,511111105275,5d5d4fd16d5f3b23d1bc7905,Cogs
511111906353,,GIRL SCOUT CEREAL,5332f5f3e4b03c9a25efd0ae,Cogs
511111802792,,MILLER LITE,5332f709e4b03c9a25efd0f1,Cogs
511111000167,,THIRD SHIFT,5332f709e4b03c9a25efd0f1,Cogs
511111112938,BABY,GOODNITES,55b62995e4b0d8e685c14213,Cogs
511111116523,BAKING,TEST BRANDCODE @1599159969061,5f513ea0be37ce21f1287c01,Cogs
511111217183,BAKING,TEST BRANDCODE @1604434433706,53e10d6368abd3c7065097cc,Cogs
511111413950,,MAYBELLINE,5e28b81cee7f2d697e835bcd,Cogs
511111606093,,YOPLAIT,5332f5f3e4b03c9a25efd0ae,Cogs
511111303664,,,5332f5ebe4b03c9a25efd0a8,Cpgs
511111515753,CANDY_AND_SWEETS,TEST BRANDCODE @1598290604214,5332fa12e4b03c9a25efd1e7,Cogs
511111417989,BAKING,TEST BRANDCODE @1607463684591,5fcff304be37ce6d53dfc683,Cogs
511111913948,,L’OREAL PARIS - HAIR COLOR,5e28b81cee7f2d697e835bcd,Cogs
511111917113,BAKING,,5f9770c0be37ce03d08a2d89,Cogs
511111505594,,"ALEVE CAPLETS, TABLETS, AND GEL CAPS",53e10d6368abd3c7065097cc,Cogs
511111103097,,,5332fa12e4b03c9a25efd1e7,Cpgs
511111605263,,511111605263,5d5d4fd16d5f3b23d1bc7905,Cogs
511111415909,BAKING,TEST BRANDCODE @1598633602226,5f493682be37ce52f8314fcb,Cogs
511111503309,,,5332f7ffe4b03c9a25efd16b,Cpgs
511111718352,BAKING,,5fda3711be37ce09e351596d,Cogs
511111218296,BAKING,TEST BRANDCODE @1607987891733,5fd7f2b3be37ce7339755868,Cogs
511111000235,,SAINT ARCHER,5332f709e4b03c9a25efd0f1,Cogs
511111601166,,PHILADELPHIA,559c2234e4b06aca36af13c6,Cogs
511111804482,,LATE JULY,5a734034e4b0d58f376be874,Cogs
511111417774,GROCERY,FREIHOFERS,5fb6b608be37ce522e165cb9,Cogs
511111100133,,TYSKIE GRONIE,5332f709e4b03c9a25efd0f1,Cogs
511111904663,,KLEENEX,550b2565e4b001d5e9e4146f,Cogs
511111016854,BAKING,TEST BRANDCODE @1601659120870,5f7760f0be37ce1d26d7b7a2,Cogs
511111416944,BAKING,,5f7ba914be37ce2f290fb24f,Cogs
511111900542,,EL ISLENO,5332f5fbe4b03c9a25efd0ba,Cogs
511111717751,GROCERY,MAISER'S ,5fb6b608be37ce522e165cb9,Cogs
511111816980,BAKING,TEST BRANDCODE @1601939762976,5f7ba932be37ce2f290fb251,Cogs
511111204718,,VIVA,550b2565e4b001d5e9e4146f,Cogs
511111604686,,POISE,550b2565e4b001d5e9e4146f,Cogs
511111918158,BAKING,TEST BRANDCODE @1607639231747,5fd2a0bfbe37ce49eb72c0ef,Cogs
511111503538,,,5332f7a7e4b03c9a25efd134,Cpgs
511111102335,,ORE-IDA,559c2234e4b06aca36af13c6,Cogs
511111605331,,511111605331,5d5d4fd16d5f3b23d1bc7905,Cogs
511111300373,,BIAGLUT,559c2234e4b06aca36af13c6,Cogs
511111401926,,TANG,559c2234e4b06aca36af13c6,Cogs
511111603085,,,5332fa58e4b03c9a25efd215,Cpgs
511111707202,BABY,HUGGIES,5459429be4b0bfcb1e864082,Cogs
511111204152,,PLUM ORGANICS,5a734034e4b0d58f376be874,Cogs
511111917557,BEER_WINE_SPIRITS,THE GLENLIVET CARIBBEAN RESERVE,5fb6d381be37ce522e165cbd,Cogs
511111117568,BEER_WINE_SPIRITS,THE GLENLIVET® FOUNDER'S RESERVE,5fb6d381be37ce522e165cbd,Cogs
511111617570,BEER_WINE_SPIRITS,THE GLENLIVET® 12 YEAR ,5fb6d381be37ce522e165cbd,Cogs
511111204640,,GOODNITES,550b2565e4b001d5e9e4146f,Cogs
511111801030,,TASSIMO,559c2234e4b06aca36af13c6,Cogs
511111206330,,DIPPIN DOTS,5332f5f3e4b03c9a25efd0ae,Cogs
511111701132,,STOVE TOP,559c2234e4b06aca36af13c6,Cogs
511111417828,BREAD_AND_BAKERY,BROWNBERRY,5fb6b608be37ce522e165cb9,Cogs
511111216704,BAKING,TEST BRANDCODE @1601644363664,5f77274bbe37ce6b592e90b9,Cogs
511111205944,,OUI BY YOPLAIT,5332f5f3e4b03c9a25efd0ae,Cogs
511111500452,,CERVEZA AGUILA,5332f709e4b03c9a25efd0f1,Cogs
511111616252,BAKING,TEST BRANDCODE @1598716507602,5f4a7a5bbe37ce2d95e65c9f,Cogs
511111903574,,,5332f7a7e4b03c9a25efd134,Cpgs
511111103424,,,5332f7a7e4b03c9a25efd134,Cpgs
511111916673,BAKING,TEST BRANDCODE @1600291349297,5f628214be37ce78e6e2efaa,Cogs
511111702221,,ICEHOUSE,5332f709e4b03c9a25efd0f1,Cogs
511111900610,,FDS,53e10d6368abd3c7065097cc,Cogs
511111204084,,BOLTHOUSE FARMS,5a734034e4b0d58f376be874,Cogs
511111100577,,Q-TIPS,5332f5f6e4b03c9a25efd0b4,Cogs
511111701293,,,5332f5fbe4b03c9a25efd0ba,Cogs
511111001041,,HOFFMAN'S,559c2234e4b06aca36af13c6,Cogs
511111202882,,,5332f5ebe4b03c9a25efd0a8,Cpgs
511111606215,,BETTY CROCKER FRUIT BY THE FOOT,5332f5f3e4b03c9a25efd0ae,Cogs
511111600121,,ZUMBIDA,5332f709e4b03c9a25efd0f1,Cogs
511111515807,BAKING,TEST BRANDCODE @1598296704794,5f441280be37ce5dbe9b7c7d,Cogs
511111103585,,,5332f5f3e4b03c9a25efd0ae,Cpgs
511111001270,,,5332f5fbe4b03c9a25efd0ba,Cogs
511111918080,BAKING,TEST BRANDCODE @1607636368759,5fd29590be37ce38bbbefb25,Cogs
511111102496,,,5332f7a7e4b03c9a25efd134,Cpgs
511111301257,,,5332f5fbe4b03c9a25efd0ba,Cogs
511111303732,,,5332f5f2e4b03c9a25efd0aa,Cpgs
511111304548,,KRUNCHERS,5a734034e4b0d58f376be874,Cogs
511111017943,BAKING,TEST BRANDCODE @1607312532218,5fcda494be37ce688e08b0cb,Cogs
511111401711,,FUNYUNS,5332f5fbe4b03c9a25efd0ba,Cogs
511111904380,,CAMPBELLS SPAGHETTIOS,5a734034e4b0d58f376be874,Cogs
511111600916,,BRUMMEL AND BROWN,53e10d6368abd3c7065097cc,Cogs
511111315391,CANDY_AND_SWEETS,TEST BRANDCODE @1597350074997,5332fa12e4b03c9a25efd1e7,Cogs
511111916239,CANDY_AND_SWEETS,TEST BRANDCODE @1598711019491,5332fa12e4b03c9a25efd1e7,Cogs
511111116318,BAKING,,5f4bf53dbe37ce0b44915540,Cogs
511111403128,,,5332f5f2e4b03c9a25efd0aa,Cpgs
511111205500,,SIERRA MIST,5332f5fbe4b03c9a25efd0ba,Cogs
511111016410,CANDY_AND_SWEETS,TEST BRANDCODE @1598881572443,5332fa12e4b03c9a25efd1e7,Cogs
511111015741,BAKING,TEST BRANDCODE @1598290603646,5f43faabbe37ce3ef3fd3714,Cogs
511111616535,BAKING,TEST BRANDCODE @1599159969108,5f513ea0be37ce21f1287c01,Cogs
511111803676,,,5332f5ebe4b03c9a25efd0a8,Cpgs
511111703495,,,5332f7a7e4b03c9a25efd134,Cpgs
511111917830,BREAD_AND_BAKERY,OROWEAT,5fb6b608be37ce522e165cb9,Cogs
511111403562,,,5332f7a7e4b03c9a25efd134,Cpgs
511111701576,,ROLD GOLD,5332f5fbe4b03c9a25efd0ba,Cogs
511111119838,BAKING,TEST BRANDCODE @1611088503815,60074277be37ce360be639fe,Cogs
511111717034,BAKING,TEST BRANDCODE @1602694015992,5f872b7fbe37ce66db5dd975,Cogs
511111815174,BAKING,TEST BRANDCODE @1595968942896,5f208daebe37ce7958c59520,Cogs
511111104308,,V8 SPLASH,5a734034e4b0d58f376be874,Cogs
511111404675,,KOTEX,550b2565e4b001d5e9e4146f,Cogs
511111505082,,511111505082,5d5d4fd16d5f3b23d1bc7905,Cogs
511111901211,,,559c2234e4b06aca36af13c6,Cogs
511111405467,,OCEAN SPRAY,5332f5fbe4b03c9a25efd0ba,Cogs
511111305798,,511111305798,53e10d6368abd3c7065097cc,Cogs
511111202394,,BAGEL BITES,559c2234e4b06aca36af13c6,Cogs
511111405184,,,53e10d6368abd3c7065097cc,Cogs
511111601951,,POLLY-O,559c2234e4b06aca36af13c6,Cogs
511111202165,,,559c2234e4b06aca36af13c6,Cogs
511111900054,,SUNSILK,53e10d6368abd3c7065097cc,Cogs
511111401209,,BAKER'S,559c2234e4b06aca36af13c6,Cogs
511111504344,,ECCE PANIS,5a734034e4b0d58f376be874,Cogs
511111405306,,511111405306,5d5d4fd16d5f3b23d1bc7905,Cogs
511111315230,CLEANING_AND_HOME_IMPROVEMENT,AIR WICK,5f10c05cbe37ce238c6cabaf,Cogs
511111903345,,HAMM'S,5332f709e4b03c9a25efd0f1,Cpgs
511111202516,,,5332f7a7e4b03c9a25efd134,Cpgs
511111716594,BAKING,TEST BRANDCODE @1599849713740,5f5bc4f1be37ce17125ac0e8,Cogs
511111703105,,,5332fa12e4b03c9a25efd1e7,Cpgs
511111306238,,MONSTERS CEREAL,5332f5f3e4b03c9a25efd0ae,Cogs
511111905523,, TAZO BOTTLED TEAS,5332f5fbe4b03c9a25efd0ba,Cogs
511111400554,,TONI&GUY,5332f5f6e4b03c9a25efd0b4,Cogs
511111005377,,511111005377,5d5d4fd16d5f3b23d1bc7905,Cogs
511111905479,,511111905479,5d5d4fd16d5f3b23d1bc7905,Cogs
511111715559,BAKING,TEST BRANDCODE @1597935986434,5f3e9172be37ce5a0e01b952,Cogs
511111101017,,MICKEY'S,5332f709e4b03c9a25efd0f1,Cogs
511111302346,,CRYSTAL LIGHT,559c2234e4b06aca36af13c6,Cogs
511111000396,,COORS EXTRA GOLD,5332f709e4b03c9a25efd0f1,Cogs
511111617853,GROCERY,D ITALIANO,5fb6b608be37ce522e165cb9,Cogs
511111303015,,,5332f5ebe4b03c9a25efd0a8,Cpgs
511111716648,BAKING,TEST BRANDCODE @1600291349043,5f628214be37ce78e6e2efaa,Cogs
511111501619,,,5332f5fbe4b03c9a25efd0ba,Cogs
511111401155,,CLAUSSEN,559c2234e4b06aca36af13c6,Cogs
511111403845,,BLUE MOON,5332f709e4b03c9a25efd0f1,Cogs
511111116752,BAKING,,5f77274dbe37ce6b592e90bf,Cogs
511111706328,,DIPPIN DOTS CEREAL,53e10d6368abd3c7065097cc,Cogs
511111416173,CANDY_AND_SWEETS,TEST BRANDCODE @1598639215217,5332fa12e4b03c9a25efd1e7,Cogs
511111400608,,LIPTON TEA Leaves,5332f5f6e4b03c9a25efd0b4,Cogs
511111019930,BAKING,TEST BRANDCODE @1613158231644,6026d757be37ce6369301467,Cogs
,,MISSION,,
046000832517,,BRAND,,
044000000745,,KRAFT EASY CHEESE,,
012000809941,,PEPSI,,
028400642033,,DORITOS,,
036000391718,,KLEENEX,,
021908236865,,BRAND,,
016000156234,,BRAND,,
305210154278,,BRAND,,
001111132666,,BRAND,,
089203700016,,BRAND,,
079400245328,,BRAND,,
001111147332,,BRAND,,
072785048119,,GERM-X,,
076840100354,,BEN AND JERRYS,,
311111511867,,BEN AND JERRYS,,
041000022623,,KNORR,,
076840580750,,BEN AND JERRYS,,
028435383253,,KLARBRUNN,,
822142991523,,BRAND,,
036632011077,,LIGHT & FIT GREEK,,
075706191031,,CONNIE'S PIZZA,,
019600920106,,VAN DE KAMP'S,,
028189000079,,HATCH FARMS,,
754500326305,,HY-VEE,,
058496723002,,TEMPTATIONS,,
058449450023,,NATURE'S PATH ORGANIC,,
075450093070,,HY-VEE,,
048500256763,,DOLE,,
075450120400,,HY-VEE,,
754500797204,,HY-VEE,,
075450085150,,HY-VEE,,
071007023095,,EL MONTEREY,,
072310001459,,BIGELOW,,
754502285808,,HY-VEE,,
041390024368,,KIKKOMAN,,
511111204206,,SWANSON,,
043000716021,,YUBAN,,
044500341720,,HILLSHIRE FARM,,
754500958803,,HY-VEE,,
024105590051,,JUST BARE,,
21251000000,,LAURA'S LEAN BEEF,,
048500052020,,DOLE CHILLED FRUIT JUICES,,
754500973400,,HY-VEE,,
075450079760,,HY-VEE,,
754500947807,,HY-VEE,,
039400015031,,BUSH'S BEST,,
025500204215,,FOLGERS,,
754501311409,,HY-VEE,,
754500355602,,HY-VEE,,
018627030010,,KASHI,,
041000004087,,LIPTON,,
021000604647,,KRAFT,,
071146002487,,HARVEST SNAPS,,
754501734109,,THAT'S SMART!,,
071430010051,,DOLE,,
754500638101,,HY-VEE,,
511111001485,,TOSTITOS,,
305731769135,,ADVIL,,
048000007070,,CHICKEN OF THE SEA,,
015300430594,,RICE-A-RONI,,
009800300037,,TIC TAC,,
754500990209,,HY-VEE,,
014113911979,,WONDERFUL,,
028800296737,,HANOVER,,
071100007299,,HIDDEN VALLEY,,
036632037541,,LIGHT & FIT GREEK,,
036632013095,,LIGHT & FIT,,
084114111722,,KETTLE BRAND,,
511111104537,,KETTLE BRAND,,
014113910026,,WONDERFUL,,
815473013279,,BORDEN,,
028400643061,,DORITOS,,
689544081937,,FAGE,,
037000979715,,ORAL-B GLIDE,,
754500947500,,HY-VEE,,
754501315209,,HY-VEE,,
041500220208,,FRENCH'S,,
754500024805,,HY-VEE,,
754500486009,,HY-VEE,,
038000924224,,CRISPIX,,
611443010787,,KITCHEN BASICS,,
046000721835,,OLD EL PASO,,
014100095071,,PEPPERIDGE FARM,,
043000285213,,STOVE TOP,,
030100001331,,ZESTA,,
041289895406,,AZTECA,,
021000024926,,KRAFT,,
016000363779,,NATURE VALLEY,,
311111242129,,OLD EL PASO,,
754500363409,,HY-VEE,,
884912006806,,HONEY BUNCHES OF OATS,,
605806001307,,GREEN GIANT,,
011110916600,,SIMPLE TRUTH ORGANIC,,
082242012362,,BOTA BOX,,
046000400280,,OLD EL PASO,,
073410955505,,ARNOLD,,
046000288697,,OLD EL PASO,,
511111502142,,GREY POUPON,,
075856000269,,KLONDIKE,,
26623200000,,CHEESE,,
305731769203,,ADVIL,,
016000151024,,BRAND,,
511111802358,,CRACKER BARREL,,
311111806949,,KNORR,,
012000810022,,PEPSI,,
815473010360,,BORDEN,,
053000069867,,BORDEN,,
012000004919,,PEPSI,,
815473012357,,BORDEN,,
036000119749,,KLEENEX,,
048001154032,,KNORR,,
041000022906,,KNORR,,
016300165912,,FLORIDA'S NATURAL,,
028400641326,,DORITOS,,
028400003988,,DORITOS,,
030000562383,,QUAKER,,
737628011506,,THAI KITCHEN,,
021000612239,,PHILADELPHIA,,
021000615315,,KRAFT,,
015000056087,,GERBER,,
021000039340,,TACO BELL,,
896859000489,,ORGANICVILLE,,
036000478044,,COTTONELLE,,
016000496361,,CHEERIOS,,
013800190215,,STOUFFER'S,,
048001213517,,HELLMANN'S/BEST FOODS,,
025500202310,,FOLGERS,,
043000009604,,COOL WHIP,,
311111452382,,MARIE CALLENDER'S,,
021834033316,,HEMPLER'S,,
23572500000,,SIGNATURE,,
012000106057,,PEPSI,,
012000000171,,PEPSI,,
012000010736,,MOUNTAIN DEW,,
511111101451,,QUAKER,,
043000050910,,JELL-O,,
071100211474,,HIDDEN VALLEY,,
612669316714,,LAURA'S LEAN BEEF,,
041129411506,,CLASSICO,,
311111603920,,CLASSICO,,
044000043254,,RITZ TOASTED CHIPS,,
048001154049,,KNORR,,
071100006681,,HIDDEN VALLEY,,
021000065127,,KRAFT,,
044700098752,,LUNCHABLES,,
311111705006,,OSCAR MAYER,,
044700061909,,OSCAR MAYER,,
511111901587,,RICE-A-RONI,,
021000026999,,KRAFT,,
021000701445,,KRAFT,,
016000877009,,GENERAL MILLS,,
052100625348,,MCCORMICK GRILL MATES,,
025500005188,,FOLGERS,,
029000017986,,PLANTERS,,
023400022212,,RENUZIT,,
041695151721,,BRASWELL'S,,
071100200058,,HIDDEN VALLEY,,
072310001244,,BIGELOW,,
044000034030,,OREO,,
044000051051,,RITZ TOASTED CHIPS,,
072220001808,,FRANZ,,
016000854307,,GENERAL MILLS,,
311111434807,,CHEX,,
016000126855,,CINNAMON TOAST CRUNCH,,
020709100139,,TROLLI,,
021000037490,,VELVEETA,,
022000014252,,ORBIT,,
029000073692,,PLANTERS,,
511111902690,,KRAFT,,
311111149350,,WISHBONE,,
071100309744,,HIDDEN VALLEY,,
311111445421,,HIDDEN VALLEY,,
041800200139,,WELCH'S,,
070158008678,,KRAZY GLUE,,
511111704140,,PREGO,,
861745000010,,VITAL FARMS ALFRESCO EGGS,,
511111104186,,PACIFIC FOODS,,
041235000328,,MRS. RENFRO'S,,
013120002588,,ORE-IDA,,
070492140003,,FORTUNE YAKISOBA,,
051700788262,,FINISH,,
041483030917,,KEMPS,,
311111208538,,JUST CRACK AN EGG,,
020169222341,,SIMPLY POTATOES,,
074904100104,,CHIQUITA,,
011110876942,,SIMPLE TRUTH ORGANIC,,
011110857132,,SIMPLE TRUTH ORGANIC,,
052100037509,,MCCORMICK,,
029000016156,,PLANTERS,,
044600020020,,FRESH STEP,,
041321006357,,WISHBONE,,
041695951130,,BRASWELL'S,,
037466016023,,LINDT,,
016000123151,,CHEERIOS,,
011110973009,,PRIVATE SELECTION,,
011110847454,,PRIVATE SELECTION,,
034695123621,,JOHN SOULES FOODS,,
051611165893,,COLEMAN NATURAL,,
071279275024,,FRESH EXPRESS,,
076840400218,,BEN AND JERRYS,,
071430000724,,DOLE,,
016000124790,,CHEERIOS,,
511111518044,,SARGENTO,,
013800100320,,STOUFFER'S CLASSICS,,
070446400009,,BOAR'S HEAD,,
029000021723,,PLANTERS,,
041196277470,,PROGRESSO,,
076001350437,,ESSENTIAL EVERYDAY,,
013800104083,,STOUFFER'S,,
071100007077,,HIDDEN VALLEY,,
074714086827,,MRS. CUBBISON'S,,
021000744152,,PHILADELPHIA,,
085000015889,,GALLO FAMILY VINEYARDS,,
077661120460,,LITEHOUSE,,
034000056644,,CADBURY,,
011110916068,,KROGER,,
016000437760,,BETTY CROCKER,,
021000045129,,VELVEETA,,
038000052200,,KELLOGG'S,,
038000138577,,PRINGLES,,
041695103799,,BRASWELL'S,,
053800123004,,LINDSAY,,
23671200000,,CHEESE,,
764025930000,,HEWLETT PACKARD,,
889714000038,,CREST 3D WHITE,,
076840100477,,BEN AND JERRYS,,
070800179329,,SMITHFIELD,,
042222336413,,JENNIE-O,,
012000171864,,PEPSI,,
049000012781,,COKE,,
049000010633,,DIET COKE,,
051000228895,,V8,,
074682200294,,R.W. KNUDSEN,,
078000010367,,7UP,,
011594404013,,HAWAIIAN,,
044000039905,,RITZ,,
071142004089,,ARROWHEAD,,
050000274444,,NESTLE,,
071840205009,,MARIE'S,,
077661137833,,LITEHOUSE,,
767707013299,,KERRYGOLD,,
078300054764,,PLAYTEX,,
034000040476,,CARAMELLO,,
021131506940,,MARIE CALLENDER'S,,
780993107565,,FAMOUS DAVE'S,,
074714086643,,MRS. CUBBISON'S,,
857183005120,,BANZA,,
041449001401,,KRUSTEAZ,,
026800001924,,AMERICAN BEAUTY,,
21075100000,,DELI,,
511111001768,,CHEETOS,,
041244000098,,MARTINELLI'S,,
511111602118,,JELL-O,,
037000889427,,CREST 3D WHITE,,
511111004127,,V8,,
511111904175,,PEPPERIDGE FARM,,
048001412538,,KNORR,,
212245400006,,PRIVATE SELECTION,,
011110603746,,KROGER,,
011110974525,,HERITAGE FARM,,
041260362873,,KROGER,,
021000658831,,KRAFT,,
044300107700,,ROSARITA,,
011110073747,,SIMPLE TRUTH,,
20750000000,,SHOPRITE,,
2700710686201,,BRAND,,
016000147096,,BRAND,,
036000495737,,HUGGIES,,
070470400235,,BRAND,,
511111003960,,MOUNTAIN DEW,,
043000081501,,JELL-O,,
048121229030,,THOMAS,,
041449402529,,KRUSTEAZ,,
021000052363,,KRAFT,,
036000162905,,HUGGIES,,
016000898264,,BRAND,,
007940018942,,BRAND,,
016000128620,,BRAND,,
070470149394,,BRAND,,
036000494129,,VIVA,,
042800108005,,BRAND,,
