id,receiptId,transactionDate,userId
0,5ff1e1eb0a720f0523000575,2021-01-03 00:00:00,5ff1e1eacfcf6c399c274ae6
1,5ff1e1bb0a720f052300056b,2021-01-02 15:24:43,5ff1e194b6a9d73a3a9f1052
2,5ff1e1f10a720f052300057a,2021-01-03 00:00:00,5ff1e1f1cfcf6c399c274b0b
3,5ff1e1ee0a7214ada100056f,2021-01-03 00:00:00,5ff1e1eacfcf6c399c274ae6
4,5ff1e1d20a7214ada1000561,2021-01-02 15:25:06,5ff1e194b6a9d73a3a9f1052
5,5ff1e1e40a7214ada1000566,2021-01-02 15:25:24,5ff1e1e4cfcf6c399c274ac3
6,5ff1e1cd0a720f052300056f,2021-01-03 15:25:01,5ff1e194b6a9d73a3a9f1052
7,5ff1e1a40a720f0523000569,2020-12-27 00:00:00,5ff1e194b6a9d73a3a9f1052
8,5ff1e1ed0a7214ada100056e,2021-01-03 00:00:00,5ff1e1eacfcf6c399c274ae6
9,5ff1e1eb0a7214ada100056b,2021-01-03 00:00:00,5ff1e1eacfcf6c399c274ae6
10,5ff1e1c50a720f052300056c,2021-01-02 15:24:53,5ff1e194b6a9d73a3a9f1052
11,5ff1e1a10a720f0523000568,2021-01-02 00:00:00,5ff1e194b6a9d73a3a9f1052
12,5ff1e1b60a7214ada100055c,2021-02-03 15:24:38,5ff1e194b6a9d73a3a9f1052
13,5f9c74f70a7214ad07000037,2020-10-29 20:17:59,5f9c74f7c88c1415cbddb839
14,5ff1e1b20a7214ada100055a,2021-02-03 15:24:35,5ff1e194b6a9d73a3a9f1052
15,5ff1e1e90a7214ada1000569,,5ff1e1e9b6a9d73a3a9f10f6
16,5ff1e1df0a7214ada1000564,2021-01-02 15:25:19,5ff1e1dfcfcf6c399c274ab3
17,5ff1e1b40a7214ada100055b,2021-01-02 15:24:36,5ff1e1b4cfcf6c399c274a54
18,5ff1e1eb0a720f0523000576,2021-01-03 00:00:00,5ff1e1eacfcf6c399c274ae6
19,5ff1e1c80a720f052300056d,2021-01-02 15:24:56,5ff1e194b6a9d73a3a9f1052
20,5f9c74f90a7214ad07000038,2020-10-29 20:18:01,5f9c74e3f1937815bd2c1d73
21,5ff1e1960a720f0523000567,2021-01-02 15:24:06,5ff1e196cfcf6c399c274a38
22,5ff1e1ec0a7214ada100056c,2021-01-03 00:00:00,5ff1e1eacfcf6c399c274ae6
23,5ff1e1d70a720f0523000571,2021-01-02 15:25:11,5ff1e194b6a9d73a3a9f1052
24,5ff1e1c60a7214ada100055e,2021-01-02 15:24:54,5ff1e194b6a9d73a3a9f1052
25,5ff1e1ee0a7214ada1000570,2021-01-03 00:00:00,5ff1e1eacfcf6c399c274ae6
26,5ff1e1cf0a720f0523000570,2021-01-02 15:25:03,5ff1e194b6a9d73a3a9f1052
27,5ff1e1e10a720f0523000572,2021-01-02 15:25:21,5ff1e194b6a9d73a3a9f1052
28,5ff1e1d40a7214ada1000562,2017-10-30 00:00:00,5ff1e194b6a9d73a3a9f1052
29,5ff1e1ee0a720f0523000578,2021-01-03 00:00:00,5ff1e1eacfcf6c399c274ae6
30,5ff371030a7214ada10005a5,2020-12-20 00:00:00,5ff370c562fde912123a5e0e
31,5ff36dcc0a720f05230005b1,2021-01-04 19:34:36,5ff36d0362fde912123a5535
32,5ff36c750a7214ada100058f,2021-01-03 19:28:53,5ff36be7135e7011bcb856d3
33,5ff36d860a720f05230005a7,2021-01-03 19:33:26,54943462e4b07e684157a532
34,5ff36d9f0a720f05230005ab,2020-12-19 19:33:51,5ff36d0362fde912123a5535
35,5ff36adb0a720f0523000590,2020-12-30 06:00:00,5ff36a3862fde912123a4460
36,5ff36da00a7214ada100059b,2021-01-03 19:33:52,5ff36d0362fde912123a5535
37,5ff36dc40a7214ada100059f,2021-01-03 19:34:28,5ff36d0362fde912123a5535
38,5ff3710b0a7214ada10005a7,2021-01-03 19:48:27,5ff370c562fde912123a5e0e
39,5ff36d780a7214ada1000593,2021-01-04 19:33:12,5ff36d78135e7011bcb86488
40,5ff371410a7214ada10005ba,2021-01-03 19:49:21,5ff370c562fde912123a5e0e
41,5ff36c8b0a720f05230005a1,2021-01-03 19:29:15,54943462e4b07e684157a532
42,5ff36c550a7214ada1000588,2021-01-01 06:00:00,5ff36be7135e7011bcb856d3
43,5ff36acb0a720f052300058d,2021-01-03 19:21:47,5ff36a3862fde912123a4460
44,5ff371450a7214ada10005bd,2020-12-24 06:00:00,5ff370c562fde912123a5e0e
45,5ff36d9d0a720f05230005aa,2021-01-01 06:00:00,5ff36d0362fde912123a5535
46,5ff36c590a7214ada1000589,2020-12-30 06:00:00,5ff36be7135e7011bcb856d3
47,5ff29be20a7214ada1000571,2021-01-03 00:00:00,5964eb07e4b03efd0c0f267b
48,5ff3416f0a7214ada1000576,2021-01-04 00:00:00,5c3388caea88e15513a95069
49,5ff36c6d0a720f0523000597,2021-01-03 19:28:45,5ff36be7135e7011bcb856d3
50,5ff36a830a7214ada100057b,2020-12-19 19:20:35,5ff36a3862fde912123a4460
51,5ff36c570a720f0523000593,2021-01-03 19:28:23,5ff36be7135e7011bcb856d3
52,5ff3713c0a7214ada10005b6,2021-01-03 19:49:16,5ff370c562fde912123a5e0e
53,5ff371130a7214ada10005aa,2021-01-04 19:48:35,5ff370c562fde912123a5e0e
54,5ff370f00a7214ada10005a3,2020-12-21 00:00:00,5ff370c562fde912123a5e0e
55,5ff371240a7214ada10005b3,2021-01-03 19:48:52,5ff37124135e7011bcb86bc3
56,5ff36c8d0a7214ada1000591,2021-01-03 19:29:17,54943462e4b07e684157a532
57,5ff36ad40a7214ada1000585,2021-01-04 19:21:56,5ff36a3862fde912123a4460
58,5ff36dcb0a7214ada10005a0,2021-01-03 19:34:35,5ff36d0362fde912123a5535
59,5ff3416d0a7214ada1000575,2021-01-04 00:00:00,5c3388caea88e15513a95069
60,5ff4ce430a7214ada10005d8,2021-01-05 00:00:00,5ff4ce3dc3d63511e2a484dc
61,5ff4ce400a7214ada10005d5,2021-01-05 00:00:00,5ff4ce3dc3d63511e2a484dc
62,5ff4a4ca0a7214ada10005d0,2020-09-13 00:00:00,5fbc35711d967d1222cbfefc
63,5ff473de0a720f05230005bd,2020-12-23 14:12:46,54943462e4b07e684157a532
64,5ff4ce8c0a7214ada10005e6,2021-01-04 20:39:40,5ff4ce33c3d63511e2a484b6
65,5ff4ce3d0a7214ada10005d3,2021-01-05 00:00:00,5ff4ce3dc3d63511e2a484dc
66,5ff473b40a7214ada10005c5,2021-01-04 14:12:04,5ff47392c3d63511e2a47881
67,5ff473f30a720f05230005c0,2021-01-05 14:13:07,5ff473f3c1e2d0121a9b2707
68,5ff4ce3a0a7214ada10005d2,2021-01-05 00:00:00,5ff4ce3ac1e2d0121a9b2fb3
69,5ff473a90a7214ada10005c2,2020-12-31 06:00:00,5ff47392c3d63511e2a47881
70,5ff473b10a7214ada10005c4,2021-01-02 06:00:00,5ff47392c3d63511e2a47881
71,5ff475820a7214ada10005cf,,5a43c08fe4b014fd6b6a0612
72,5ff4ce550a7214ada10005db,2021-01-04 20:38:45,5ff4ce33c3d63511e2a484b6
73,5ff4ce430a720f05230005c9,2021-01-05 00:00:00,5ff4ce3dc3d63511e2a484dc
74,5ff473d40a7214ada10005c9,2021-01-05 14:12:36,5ff47392c3d63511e2a47881
75,5ff4ce690a7214ada10005e2,2021-01-04 20:39:04,5ff4ce68c1e2d0121a9b3022
76,5ff473f60a7214ada10005ce,2020-12-31 06:00:00,5ff47392c3d63511e2a47881
77,5ff473cf0a7214ada10005c8,2021-01-04 14:12:31,5ff47392c3d63511e2a47881
78,5fa5ad370a720f05ef000089,2020-11-05 20:08:23,5fa5ad376a26f611e71ab5ef
79,5ff4ce650a7214ada10005e1,2021-01-04 20:39:01,5ff4ce65c3d63511e2a4853b
80,5ff473e40a7214ada10005cc,2021-01-04 14:12:52,54943462e4b07e684157a532
81,5ff4ce3c0a720f05230005c4,,5ff4ce3cc1e2d0121a9b2fba
82,5ff473d00a720f05230005bb,2021-01-05 14:12:32,5ff47392c3d63511e2a47881
83,5ff473b20a720f05230005b7,2020-12-25 06:00:00,5ff47392c3d63511e2a47881
84,5ff473ad0a7214ada10005c3,2021-01-04 14:11:57,5ff47392c3d63511e2a47881
85,5ff4ce640a7214ada10005e0,2021-02-05 20:39:00,5ff4ce33c3d63511e2a484b6
86,5ff4ce3f0a720f05230005c6,2021-01-05 00:00:00,5ff4ce3dc3d63511e2a484dc
87,5ff4ce4e0a7214ada10005da,2021-01-04 20:38:38,5ff4ce33c3d63511e2a484b6
88,5ff473bc0a720f05230005b8,2021-01-04 14:12:12,5ff47392c3d63511e2a47881
89,5ff4a80e0a720f05230005c2,2020-12-30 00:00:00,5fbc35711d967d1222cbfefc
90,5ff5d1da0a7214ada10005f8,2020-12-21 15:06:02,5ff5d15aeb7c7d12096d91a2
91,5ff5d1d40a7214ada10005f4,2021-01-06 15:05:56,5ff5d15aeb7c7d12096d91a2
92,5ff5d1a00a7214ada10005ed,2021-01-05 15:05:04,54943462e4b07e684157a532
93,5ff5ecb90a7214ada10005f9,,5a43c08fe4b014fd6b6a0612
94,5ff5d1e20a720f05230005da,2021-01-05 15:06:10,5ff5d15aeb7c7d12096d91a2
95,5ff5d1e10a720f05230005d9,2020-12-26 06:00:00,5ff5d15aeb7c7d12096d91a2
96,5ff5d1fd0a720f05230005de,2021-01-05 15:06:37,5ff5d15aeb7c7d12096d91a2
97,5ff5d1d80a7214ada10005f6,2021-01-03 06:00:00,5ff5d15aeb7c7d12096d91a2
98,5ff5d19d0a7214ada10005ec,2021-01-05 15:05:01,54943462e4b07e684157a532
99,5ff5d1f20a720f05230005db,2021-01-05 15:06:26,5ff5d15aeb7c7d12096d91a2
100,5ff5d1dc0a720f05230005d6,2021-01-05 15:06:04,5ff5d15aeb7c7d12096d91a2
101,5ff5d1dd0a720f05230005d7,2021-01-03 06:00:00,5ff5d15aeb7c7d12096d91a2
102,5ff5d1a30a7214ada10005ef,2021-01-05 15:05:07,5ff5d1a38f142f11dd1886ba
103,5ff5d20c0a720f05230005e3,2021-01-05 15:06:52,5ff5d15aeb7c7d12096d91a2
104,5ff5d1fa0a720f05230005dd,2021-01-05 15:06:34,5ff5d15aeb7c7d12096d91a2
105,5ff5d1d80a7214ada10005f7,2021-01-01 06:00:00,5ff5d15aeb7c7d12096d91a2
106,5ff5d1f40a720f05230005dc,2020-12-22 00:00:00,5ff5d15aeb7c7d12096d91a2
107,5ff5d2060a720f05230005e0,2021-01-05 15:06:46,5ff5d15aeb7c7d12096d91a2
108,5ff618e30a7214ada10005fa,2021-01-06 00:00:00,5ff616a68f142f11dd189163
109,5ff5d2060a720f05230005e1,2021-01-06 15:06:46,5ff5d15aeb7c7d12096d91a2
110,5ff5d1df0a720f05230005d8,2021-01-03 06:00:00,5ff5d15aeb7c7d12096d91a2
111,5ff5d1990a7214ada10005ea,2020-12-24 15:04:57,54943462e4b07e684157a532
112,5ff5d1d00a7214ada10005f2,2021-01-06 15:05:52,5ff5d1d08f142f11dd18884c
113,5ff5d1d60a7214ada10005f5,2021-01-05 15:05:58,5ff5d15aeb7c7d12096d91a2
114,5ff5d1940a7214ada10005e9,2020-12-24 15:04:52,54943462e4b07e684157a532
115,5ff5d2030a720f05230005df,2021-01-06 15:06:43,5ff5d15aeb7c7d12096d91a2
116,5ff5d1a10a7214ada10005ee,2021-01-05 15:05:05,54943462e4b07e684157a532
117,5ff5d19c0a7214ada10005eb,2021-01-05 15:05:00,5ff5d19b8f142f11dd188696
118,5ff5d1cb0a7214ada10005f0,2021-01-01 06:00:00,5ff5d15aeb7c7d12096d91a2
119,5ff5d20b0a720f05230005e2,2021-01-06 15:06:51,5ff5d15aeb7c7d12096d91a2
120,5ff73be50a720f0523000608,2021-01-07 00:00:00,5ff73be5eb7c7d31ca8a45a7
121,5ff7946f0a720f052300063c,2021-01-05 12:00:00,5ff79464b3348b11c933738b
122,5ff726910a720f05230005f1,2021-01-07 00:00:00,5ff7268eeb7c7d12096da2a9
123,5ff774200a7214ada1000638,2021-01-07 00:00:00,5ff7741e04929111f6e90902
124,5ff74fd10a720f0523000619,2021-01-06 18:15:45,54943462e4b07e684157a532
125,5ff73bdb0a720f0523000605,2020-12-31 00:00:00,5ff73b90eb7c7d31ca8a452b
126,5ff794940a720f0523000640,2021-01-05 12:00:00,5ff79464b3348b11c933738b
127,5ff794020a720f0523000635,2021-01-05 05:06:42,5ff7930fb3348b11c93372a6
128,5ff73beb0a7214ada100061c,2021-01-07 00:00:00,5ff73bea8f142f3276c3e84a
129,5ff794bf0a7214ada1000650,2021-01-05 23:09:51,5ff7930fb3348b11c93372a6
130,5ff74faf0a720f0523000613,2021-01-06 18:15:11,5ff74f3db3348b11c93361d1
131,5ff7945a0a7214ada1000646,2021-01-05 12:00:00,5ff79459b3348b11c933736d
132,5ff74ffe0a720f0523000621,2020-12-24 00:00:00,5ff74f3db3348b11c93361d1
133,5ff726790a7214ada1000602,2021-01-06 15:19:21,5ff7264e8f142f11dd189504
134,5ff750050a7214ada1000633,2021-01-07 18:16:37,5ff75004b3348b11c9336bd6
135,5ff74ffb0a720f0523000620,2021-01-06 18:16:27,5ff74f3db3348b11c93361d1
136,5ff74ff50a720f052300061e,2021-01-06 18:16:21,5ff74f3db3348b11c93361d1
137,5ff794640a720f052300063b,2021-01-05 12:00:00,5ff79464b3348b11c933738b
138,5ff726810a720f05230005ea,2021-01-06 15:19:29,5ff7264e8f142f11dd189504
139,5ff73be10a7214ada1000619,2021-02-07 16:50:41,5ff73b90eb7c7d31ca8a452b
140,5ff73bae0a720f0523000600,2021-01-06 16:49:50,5ff73b90eb7c7d31ca8a452b
141,5ff73be90a720f052300060a,,5ff73be9eb7c7d31ca8a45bc
142,5ff7265a0a7214ada10005fb,2021-01-06 15:18:50,5ff7264e8f142f11dd189504
143,5ff7942e0a720f0523000637,2021-01-04 23:07:26,5ff7930fb3348b11c93372a6
144,5ff794600a7214ada1000647,,5ff7946004929111f6e90ceb
145,5ff726a40a720f05230005fa,2021-01-06 15:20:04,5ff726a38f142f11dd1895dc
146,5ff794130a7214ada1000640,2021-01-04 23:06:58,5ff7930fb3348b11c93372a6
147,5ff726640a720f05230005e6,2021-01-06 00:00:00,5ff7264e8f142f11dd189504
148,5ff793dd0a720f0523000633,2021-01-01 17:06:05,5ff793dd04929111f6e90c69
149,5ff726860a720f05230005ec,,5ff7264e8f142f11dd189504
150,5ff8da4e0a720f05c5000012,2021-01-07 22:18:54,5ff8da4e04929111f6e91462
151,5ff873de0a720f0523000648,2021-01-08 00:00:00,5ff873ddb3348b11c9337733
152,5ff8740c0a720f0523000659,2021-01-01 00:00:00,5ff873d1b3348b11c9337716
153,5ff8da4c0a720f05c5000011,2021-01-07 22:18:52,5ff8da28b3348b11c9337ac6
154,5ff8da860a720f05c5000022,2021-01-07 22:19:50,5ff8da28b3348b11c9337ac6
155,5ff8da7c0a7214adca000020,2021-01-08 00:00:00,5ff8da7c04929111f6e914de
156,5ff8da650a7214adca00001e,2021-01-07 22:19:17,5ff8da65b3348b11c9337b29
157,5ff8da540a7214adca000017,2021-01-07 22:19:00,5ff8da28b3348b11c9337ac6
158,5ff873f10a720f052300064f,2021-02-08 15:02:10,5ff873d1b3348b11c9337716
159,5ff874170a7214ada100065f,2021-01-01 00:00:00,5ff873d1b3348b11c9337716
160,5ff8da680a720f05c5000019,2021-01-07 22:19:20,54943462e4b07e684157a532
161,5ff873e30a720f052300064c,2021-01-08 00:00:00,5ff873ddb3348b11c9337733
162,5ff8cea10a7214adca00000b,2021-01-05 21:29:05,5ff8ce8504929111f6e913cb
163,5ff874050a7214ada100065d,2021-01-07 15:02:29,5ff873d1b3348b11c9337716
164,5ff8da620a7214adca00001d,2021-01-07 22:19:14,5ff8da62b3348b11c9337b21
165,5ff8da820a720f05c5000020,2021-01-08 00:00:00,5ff8da7eb3348b11c9337b72
166,5ff8da390a7214adca000013,2021-01-01 00:00:00,5ff8da28b3348b11c9337ac6
167,5ff873df0a7214ada1000652,2021-01-08 00:00:00,5ff873ddb3348b11c9337733
168,5ff8da7f0a7214adca000022,2021-01-08 00:00:00,5ff8da7eb3348b11c9337b72
169,5ff8da7f0a720f05c500001d,2021-01-08 00:00:00,5ff8da7eb3348b11c9337b72
170,5ff8da800a720f05c500001e,2021-01-08 00:00:00,5ff8da7eb3348b11c9337b72
171,5ff8c4fb0a7214adca000006,2021-01-01 00:00:00,5ff8c4e8b3348b11c9337a11
172,5fa5b0ca0a720f05ef0000bf,2020-11-04 20:23:38,5fa5b0b720dc5111dd86dcc1
173,5ff873f90a720f0523000651,2021-01-07 15:02:17,5ff873d1b3348b11c9337716
174,5ff8c8880a7214adca000008,2021-01-08 00:00:00,5ff8c88604929111f6e913b7
175,5ff8da570a720f05c5000015,,5ff8da28b3348b11c9337ac6
176,5ff873d40a720f0523000644,2021-01-08 00:00:00,5ff873d304929111f6e91096
177,5ff8c3a20a7214adca000005,2021-01-01 00:00:00,5ff8c330b3348b11c9337a04
178,5ff8da550a720f05c5000014,2021-01-07 22:19:01,5ff8da28b3348b11c9337ac6
179,5ff8da7d0a720f05c500001c,,5ff8da7db3348b11c9337b6a
180,5ffc98b70a720f05c500003d,2021-01-10 14:00:00,5ffc98b604929111f6e923f5
181,5ffcb4d40a7214ad4e000017,2021-01-04 00:00:00,5ffcb47d04929111f6e9256c
182,5ffc8ffc0a720f05c5000036,2021-01-11 00:00:00,5ffc8ff9b3348b11c9338896
183,5ffc9d8c0a7214adca000049,2021-01-10 18:48:44,5ffc9d8cb3348b11c9338927
184,5ffc9da40a7214adca000050,2021-01-11 00:00:00,5ffc9da0b3348b11c9338951
185,5ffc9daa0a7214adca000054,2021-01-04 00:00:00,5ffc9d87b3348b11c9338920
186,5ffc8cc20a720f05c5000026,2021-01-10 14:00:00,5ffc8cc104929111f6e922a3
187,5ffc9da10a720f05c5000043,2021-01-11 00:00:00,5ffc9da0b3348b11c9338951
188,5ffcb4b90a720f051500000c,2021-01-11 00:00:00,5ffcb4b9b3348b11c9338ae7
189,5ffca2f30a720f05c5000054,2021-01-10 14:00:00,5ffca2f3b3348b11c9338a10
190,5ffcb4900a720f0515000002,2021-02-11 20:26:56,5ffcb47d04929111f6e9256c
191,5ffc8fa40a720f05c5000028,2021-01-10 17:49:24,5ffc8f9704929111f6e922bf
192,5ffc92a20a7214adca000046,2021-01-10 14:00:00,5ffc92a104929111f6e923cb
193,5ffc8fe80a720f05c5000031,2021-01-10 17:50:31,54943462e4b07e684157a532
194,5ffc9da10a7214adca00004d,2021-01-11 00:00:00,5ffc9da0b3348b11c9338951
195,5ffc9dc60a7214adca00005a,2017-10-30 00:00:00,5ffc9d87b3348b11c9338920
196,5ffcb48d0a7214ad4e000002,2021-01-10 20:26:53,5ffcb48d04929111f6e92594
197,5ffc9da20a7214adca00004e,2021-01-11 00:00:00,5ffc9da0b3348b11c9338951
198,5ffc8fa90a720f05c500002a,2021-01-11 17:49:29,5ffc8f9704929111f6e922bf
199,5ffc9dd00a720f05c5000051,2021-01-10 18:49:52,5ffc9d87b3348b11c9338920
200,5ffcb4ad0a720f0515000009,2021-01-10 20:27:25,5ffcb47d04929111f6e9256c
201,5ffcb4c10a7214ad4e000014,2021-01-11 00:00:00,5ffcb4bc04929111f6e92608
202,5ffc9d9d0a720f05c5000042,2021-01-11 00:00:00,5ffc9d9d04929111f6e9244f
203,5ffc9d9c0a7214adca00004b,2021-01-11 00:00:00,5ffc9d9cb3348b11c933893f
204,5ffc8fa10a7214adca00002e,2021-01-10 17:49:21,5ffc8f9704929111f6e922bf
205,5ffcb4c90a7214ad4e000016,2021-01-04 00:00:00,5ffcb47d04929111f6e9256c
206,5ffc8cb40a720f05c5000025,2021-01-10 14:00:00,5ffc8cb304929111f6e9229d
207,5ffcb4b80a7214ad4e00000d,2021-01-11 00:00:00,5ffcb4b8b3348b11c9338ae1
208,5ffcb4a20a720f0515000006,2021-01-10 20:27:14,5ffcb47d04929111f6e9256c
209,5ffc8f990a7214adca00002d,2021-01-10 17:49:13,5ffc8f9704929111f6e922bf
210,5ffe1cbe0a7214ad28002843,2021-01-12 00:00:00,59c124bae4b0299e55b0f330
211,5ffce7db0a720f051500236e,2021-01-12 00:00:00,59c124bae4b0299e55b0f330
212,5ffce8570a7214ad4e003e6f,,59c124bae4b0299e55b0f330
213,5ffce8310a7214ad4e003797,2021-01-12 00:00:00,59c124bae4b0299e55b0f330
214,5ffe19d90a7214ad28000e62,2021-01-12 00:00:00,59c124bae4b0299e55b0f330
215,5ffe1d030a720f05ac002c9e,2021-01-12 00:00:00,59c124bae4b0299e55b0f330
216,5ffce8250a7214ad4e0034de,,59c124bae4b0299e55b0f330
217,5ffcefb00a720f0515005e8d,,59c124bae4b0299e55b0f330
218,5ffce76e0a720f0515000b48,2021-01-12 00:00:00,59c124bae4b0299e55b0f330
219,5ffe23560a720f05ac006874,2021-01-12 00:00:00,59c124bae4b0299e55b0f330
220,5ffe22a20a720f05ac0061d7,2021-01-12 00:00:00,59c124bae4b0299e55b0f330
221,5ffe1dc20a7214ad28003180,2021-01-12 00:00:00,59c124bae4b0299e55b0f330
222,5ffce88b0a7214ad4e004b22,,59c124bae4b0299e55b0f330
223,5ffce7a70a720f05150016b0,,59c124bae4b0299e55b0f330
224,5ffe1aa90a7214ad280015e8,2021-01-12 00:00:00,59c124bae4b0299e55b0f330
225,5ffcef5a0a720f0515004f1a,2021-01-12 00:00:00,59c124bae4b0299e55b0f330
226,5ffe23d70a7214ad280068f6,2021-01-12 00:00:00,59c124bae4b0299e55b0f330
227,5ffe18b10a7214ad280003d1,2021-01-12 00:00:00,59c124bae4b0299e55b0f330
228,5ffcef630a720f05150050ae,2021-01-12 00:00:00,59c124bae4b0299e55b0f330
229,5ffce7ae0a7214ad4e001851,,59c124bae4b0299e55b0f330
230,5ffce8150a7214ad4e0030a3,,59c124bae4b0299e55b0f330
231,5ffe20290a720f05ac004a84,2021-01-12 00:00:00,59c124bae4b0299e55b0f330
232,5ffe1c520a7214ad2800245c,2021-01-12 00:00:00,59c124bae4b0299e55b0f330
233,5ffe1b630a7214ad28001c79,2021-01-12 00:00:00,59c124bae4b0299e55b0f330
234,5ffce8250a720f0515003510,,59c124bae4b0299e55b0f330
235,5ffe1fa40a7214ad2800427f,2021-01-12 00:00:00,59c124bae4b0299e55b0f330
236,5ffce78c0a7214ad4e001045,,59c124bae4b0299e55b0f330
237,5ffe23cf0a720f05ac006cc2,2021-01-12 00:00:00,59c124bae4b0299e55b0f330
238,5ffcef570a720f0515004e91,2021-01-12 00:00:00,59c124bae4b0299e55b0f330
239,5ffce8000a7214ad4e002b57,,59c124bae4b0299e55b0f330
240,5fff26c20a7214ad4c00000a,2021-01-13 00:00:00,5fff26bfb3348b03eb45bb32
241,5fff0f630a7214ad28006e2d,2021-01-13 15:18:59,5fff0f4fb3348b03eb45abb0
242,5fff56370a720f05f3000033,2021-01-12 20:21:11,54943462e4b07e684157a532
243,5fff4ca00a7214ad4c000029,2021-01-12 19:40:16,5fff4beedf9ace121f0c17ea
244,5fff26ee0a720f05f300001a,2021-02-13 16:59:26,5fff2698b3348b03eb45bb10
245,5fff4c910a720f05f3000026,2020-12-30 00:00:00,5fff4beedf9ace121f0c17ea
246,5ffe17e20a720f05ac0000e7,2021-01-12 00:00:00,5ffe115404929101d0aaebb2
247,5fff561b0a720f05f300002e,2021-01-13 20:20:43,5fff561abd4dff11dda8fa2b
248,5fff26fd0a720f05f300001d,2021-01-12 16:59:41,5fff2698b3348b03eb45bb10
249,5fff26fb0a7214ad4c000019,2021-01-12 16:59:39,5fff2698b3348b03eb45bb10
250,5fff564a0a7214ad4c000030,2021-01-12 20:21:30,5fff55dabd4dff11dda8f5f1
251,5fff4c8e0a720f05f3000025,2021-01-12 19:39:58,5fff4beedf9ace121f0c17ea
252,5fff4c810a720f05f3000023,2021-01-12 19:39:45,5fff4beedf9ace121f0c17ea
253,5fff4c8a0a7214ad4c000025,2021-01-10 06:00:00,5fff4beedf9ace121f0c17ea
254,5fff4c8c0a7214ad4c000026,2021-01-02 06:00:00,5fff4beedf9ace121f0c17ea
255,5fff564d0a720f05f3000038,2021-01-10 06:00:00,5fff55dabd4dff11dda8f5f1
256,5fff26cb0a7214ad4c00000e,2021-01-12 16:58:51,5fff2698b3348b03eb45bb10
257,5fff4ca90a720f05f300002a,2021-01-13 19:40:25,5fff4beedf9ace121f0c17ea
258,5fff0f8c0a7214ad28006e32,2021-01-12 15:19:40,5fff0f4fb3348b03eb45abb0
259,5fff26990a720f05f300000b,2021-01-12 00:00:00,5fff2698b3348b03eb45bb10
260,5fff26c40a720f05f3000014,2021-01-13 00:00:00,5fff26bfb3348b03eb45bb32
261,5fff26d70a7214ad4c00000f,2021-01-12 16:59:03,5fff2698b3348b03eb45bb10
262,5fff26c60a7214ad4c00000c,2021-01-13 00:00:00,5fff26bfb3348b03eb45bb32
263,5fff0f990a7214ad28006e36,2021-01-12 15:19:53,54943462e4b07e684157a532
264,5fff566e0a720f05f300003f,2021-01-08 06:00:00,5fff55dabd4dff11dda8f5f1
265,5fff26f10a7214ad4c000018,2021-02-13 16:59:29,5fff2698b3348b03eb45bb10
266,5fff4c710a7214ad4c00001d,2020-12-31 19:39:29,54943462e4b07e684157a532
267,5fff562e0a720f05f300002f,2020-12-31 20:21:02,54943462e4b07e684157a532
268,5fff4c960a720f05f3000027,2021-01-12 19:40:06,5fff4beedf9ace121f0c17ea
269,5fff4c7d0a720f05f3000022,2021-01-12 19:39:41,5fff4c7d61ffa811fdb0856f
270,6000b8770a720f05f3000069,2021-01-01 21:32:39,54943462e4b07e684157a532
271,6000d4b10a720f05f3000076,2021-01-14 00:00:00,6000d4abe2571211db395b5c
272,6000b8840a720f05f300006c,2021-01-13 21:32:52,6000b884fb296c121a81ad3b
273,6000b8280a720f05f3000061,2021-01-11 06:00:00,6000b7aefb296c121a8198b1
274,6000b8810a7214ad4c00005e,2021-01-13 21:32:49,54943462e4b07e684157a532
275,6000d48d0a7214ad4c000063,2021-01-13 00:00:00,6000d46cfb296c121a81b20c
276,6000d4b00a7214ad4c00006c,2021-01-14 00:00:00,6000d4abe2571211db395b5c
277,6000d4d30a720f05f3000081,2017-10-30 00:00:00,6000d46cfb296c121a81b20c
278,6000b87d0a7214ad4c00005d,2021-01-13 21:32:45,54943462e4b07e684157a532
279,6000b2be0a7214ad4c00004d,2021-01-14 00:00:00,5e27526d0bdb6a138c32b556
280,6000c8460a720f05f300006f,2021-01-14 00:00:00,5e27526d0bdb6a138c32b556
281,6000d4ae0a720f05f3000075,2021-01-14 00:00:00,6000d4abe2571211db395b5c
282,6000d4aa0a720f05f3000072,,6000d4aafb296c121a81b27e
283,6000b9b70a720f05f300006d,2021-01-14 00:00:00,5e27526d0bdb6a138c32b556
284,600056de0a720f05f3000049,2021-01-13 14:36:14,600056a3f7e5b011fce897b0
285,6000b82f0a720f05f3000063,2021-01-09 06:00:00,6000b7aefb296c121a8198b1
286,6000accd0a7214ad4c00004b,,5a43c08fe4b014fd6b6a0612
287,6000d4810a720f05f3000070,2021-01-13 23:32:17,6000d46cfb296c121a81b20c
288,600057040a7214ad4c000041,2021-01-14 00:00:00,60005704bd4dff11dda90a9d
289,6000d4b50a720f05f3000078,2021-01-14 00:00:00,6000d4b5fb296c121a81b2bd
290,6000d4ba0a720f05f300007a,2021-01-13 23:33:14,6000d4bae2571211db395b9f
291,6000c74b0a7214ad4c000060,,5a43c08fe4b014fd6b6a0612
292,600056d60a720f05f3000047,2021-01-13 14:36:06,600056d6bd4dff11dda90a3f
293,6000d4900a7214ad4c000064,2021-01-07 00:00:00,6000d46cfb296c121a81b20c
294,6000d4bc0a7214ad4c000070,2021-02-14 23:33:17,6000d46cfb296c121a81b20c
295,600082b40a720f05f3000058,2021-01-14 00:00:00,5e56d38507a0df22a15dfc85
296,6000d4ac0a7214ad4c000069,2021-01-14 00:00:00,6000d4abe2571211db395b5c
297,600056da0a720f05f3000048,2021-01-13 14:36:10,600056a3f7e5b011fce897b0
298,6000b8590a7214ad4c000057,2021-01-13 21:32:09,6000b7aefb296c121a8198b1
299,600056ea0a720f05f300004b,2021-01-13 14:36:26,600056a3f7e5b011fce897b0
300,600205f60a7214ad4c00007b,,6000b75bbe5fc96dfee1d4d3
301,600206000a720f05f3000087,2021-01-09 00:00:00,6000b75bbe5fc96dfee1d4d3
302,6001bb110a720f05f3000085,,6000b75bbe5fc96dfee1d4d3
303,600208270a720f05f3000088,2021-01-09 00:00:00,6000b75bbe5fc96dfee1d4d3
304,6001e3a80a7214ad4c000078,,5a43c08fe4b014fd6b6a0612
305,600373700a720f05f3000091,2021-01-16 00:00:00,60037329e257124ec6b99eeb
306,60023e8f0a720f05f300008b,2021-01-05 00:00:00,60023de5fb296c121a81b955
307,600247cd0a7214ad4c00007e,,6002475cfb296c121a81b98d
308,60025eb70a720f05f300008e,,60025c65fb296c4ef805d9e6
309,60020d2a0a720f05f300008a,2021-01-09 00:00:00,6000b75bbe5fc96dfee1d4d3
310,6002590c0a7214ad4c000082,2021-01-14 00:00:00,600258dafb296c4ef805d9b7
311,600254550a720f05f300008c,,6002541ae257124ec6b99a3a
312,60024fa00a7214ad4c00007f,,60024f24e257124ec6b99a13
313,60025f550a7214ad4c000084,,60025c65fb296c4ef805d9e6
314,60025cb80a720f05f300008d,2021-01-15 00:00:00,60025c65fb296c4ef805d9e6
315,600370250a720f05f3000090,2021-01-16 00:00:00,60037005e257124ec6b99ec2
316,6002584e0a7214ad4c000081,2021-01-15 00:00:00,6002541ae257124ec6b99a3a
317,60020af60a720f05f3000089,2021-01-15 00:00:00,6000b75bbe5fc96dfee1d4d3
318,600260210a720f05f300008f,2021-01-15 00:00:00,60025fe0e257124ec6b99a87
319,600498e60a720f05f3000093,,600498c4e257124ec6b9a331
320,60037b500a7214ad4c000086,2021-01-16 00:00:00,60037a94fb296c4ef805ddbe
321,6004a5f20a7214ad4c000088,2021-01-09 00:00:00,6004a5d3fb296c4ef805e256
322,600496350a7214ad4c000087,,600495c3fb296c4ef805e1fc
323,60048e120a720f05f3000092,,5fa32b4d898c7a11a6bcebce
324,60049d9d0a720f05f3000094,2021-01-01 00:00:00,60049cdce257124ec6b9a353
325,6005ee0e0a7214ad4c000089,2021-01-17 00:00:00,5fb0a078be5fc9775c1f3945
326,6005b60f0a720f05f3000096,,5a43c08fe4b014fd6b6a0612
327,6004a99e0a720f05f3000095,2021-01-09 00:00:00,6004a965e257124ec6b9a39f
328,6005f5450a720f05f3000097,,5a43c08fe4b014fd6b6a0612
329,6001f2470a7214ad4c00007a,2021-01-13 00:00:00,5fb0a078be5fc9775c1f3945
330,60074bbf0a720f05fa000039,2021-01-18 21:14:39,60074b49325c8a1794623876
331,600741fe0a7214ad89000001,2021-01-14 06:00:00,600741d06e6469120a787853
332,60074b8b0a7214ad89000029,2021-01-18 21:13:47,60074b49325c8a1794623876
333,6007423c0a720f05fa000001,2021-01-18 20:34:04,6007423b6e6469120a787c2c
334,600748640a720f05fa000026,2021-01-19 21:00:20,600748196e64691717e8d4f0
335,60074bbd0a7214ad89000031,2021-01-16 06:00:00,60074b49325c8a1794623876
336,600746ce0a720f05fa000017,2021-01-18 20:53:34,6007464b6e64691717e8c1f0
337,6007425e0a720f05fa00000a,2021-01-18 20:34:38,600741d06e6469120a787853
338,60074b930a7214ad8900002d,2021-01-18 21:13:55,54943462e4b07e684157a532
339,600746fb0a7214ad8900001b,2021-01-18 20:54:19,54943462e4b07e684157a532
340,600742490a720f05fa000004,2021-01-16 06:00:00,600741d06e6469120a787853
341,60074bcb0a7214ad89000037,2021-01-18 21:14:51,60074b49325c8a1794623876
342,6007424d0a720f05fa000006,2021-01-18 20:34:21,600741d06e6469120a787853
343,60074b900a7214ad8900002b,2021-01-06 21:13:52,54943462e4b07e684157a532
344,60074bcc0a7214ad89000038,2021-01-14 06:00:00,60074b49325c8a1794623876
345,600746fd0a720f05fa00001f,2021-01-18 20:54:21,600746fd6e64691717e8cfb5
346,6006f2d10a7214ad4c00008b,2021-01-18 00:00:00,6006f1c5e257127d5d9aedfb
347,600746ea0a720f05fa00001b,2021-01-18 20:54:02,6007464b6e64691717e8c1f0
348,600746d90a7214ad89000015,2021-01-18 20:53:45,6007464b6e64691717e8c1f0
349,600746c60a7214ad89000011,2021-01-03 20:53:26,6007464b6e64691717e8c1f0
350,600746cd0a7214ad89000013,2021-01-08 06:00:00,6007464b6e64691717e8c1f0
351,600742420a720f05fa000003,2021-01-18 20:34:10,54943462e4b07e684157a532
352,600746c90a7214ad89000012,2021-01-16 06:00:00,6007464b6e64691717e8c1f0
353,600746c00a7214ad8900000f,2021-01-19 20:53:20,6007464b6e64691717e8c1f0
354,60074b8e0a7214ad8900002a,2021-01-06 21:13:50,54943462e4b07e684157a532
355,60074b7d0a720f05fa000037,2021-01-18 21:13:33,60074b49325c8a1794623876
356,60074b9a0a7214ad89000030,2021-01-18 21:14:02,60074b996e64691717e8f11a
357,60074b960a7214ad8900002e,2021-01-18 21:13:58,54943462e4b07e684157a532
358,600746e80a7214ad89000017,2021-01-19 20:54:00,6007464b6e64691717e8c1f0
359,60074bc60a7214ad89000034,2021-01-16 06:00:00,60074b49325c8a1794623876
360,60088a100a7214ad890000bd,2021-01-09 00:00:00,6008896c633aab121bb8e11d
361,60088d5d0a7214ad890000ed,2021-01-20 00:00:00,60088d5cb6310511daa4ee6f
362,600887560a720f05fa000098,2021-02-20 19:41:10,6008873eb6310511daa4e8eb
363,60088a4e0a720f05fa0000da,2021-01-20 00:00:00,60088a46b6310511daa4ec97
364,60088e7f0a720f05fa00011e,2021-01-19 20:11:43,54943462e4b07e684157a532
365,60083ab50a7214ad89000049,2021-01-20 14:14:13,60083a1e325c8a17946255de
366,60088a460a720f05fa0000d5,2021-01-20 00:00:00,60088a46b6310511daa4ec97
367,600841da0a7214ad89000051,2021-01-19 14:44:42,6008412f6e64697abedcd5d5
368,60085ba90a720f05fa00006a,2021-01-17 06:00:00,60085b3dbe5fc90ee6a67b11
369,6008878f0a7214ad8900007b,2017-10-30 00:00:00,6008873eb6310511daa4e8eb
370,6008625b0a7214ad89000063,2021-01-19 17:03:23,600861d3be5fc9247bab3e0c
371,60088d920a720f05fa000109,2017-10-30 00:00:00,60088d55633aab121bb8e41a
372,600887ae0a7214ad8900008a,2021-01-20 00:00:00,600887a5b6310511daa4e9a7
373,60088a490a720f05fa0000d6,2021-01-20 00:00:00,60088a46b6310511daa4ec97
374,60088d580a7214ad890000eb,2021-01-20 00:00:00,60088d58633aab121bb8e424
375,600887770a7214ad89000075,2021-01-13 00:00:00,6008873eb6310511daa4e8eb
376,60088a4d0a7214ad890000c7,2021-01-20 00:00:00,60088a46b6310511daa4ec97
377,60088d600a7214ad890000ef,2021-01-20 00:00:00,60088d5cb6310511daa4ee6f
378,6008888f0a720f05fa0000b5,2021-01-19 19:46:23,60088838633aab121bb8df69
379,60088a670a720f05fa0000e0,2021-01-19 19:54:15,60088a25b6310511daa4ec42
380,600788cd0a7214ad8900003a,2021-01-19 00:00:00,5cd06f1f2acf0a2667da628b
381,60085bad0a720f05fa00006c,2021-01-09 06:00:00,60085b3dbe5fc90ee6a67b11
382,60088e670a720f05fa00011d,2021-01-19 20:11:19,54943462e4b07e684157a532
383,600887970a7214ad8900007c,,6008873eb6310511daa4e8eb
384,60088a4a0a7214ad890000c5,2021-01-20 00:00:00,60088a46b6310511daa4ec97
385,600862490a720f05fa000072,2021-01-05 00:00:00,600861d3be5fc9247bab3e0c
386,60088af80a7214ad890000d6,2021-01-20 00:00:00,60088af5633aab121bb8e31b
387,60088d5f0a720f05fa0000fc,2021-01-20 00:00:00,60088d5cb6310511daa4ee6f
388,600862530a720f05fa000074,2021-01-19 17:03:14,600861d3be5fc9247bab3e0c
389,60088aff0a7214ad890000da,2021-01-20 00:00:00,60088aff633aab121bb8e33d
390,6008f2be0a720f05fa000129,2021-01-20 00:00:00,6008f02fb6310511daa4f314
391,6009f5ea0a7214ada2000004,2021-01-21 00:00:00,6009e60450b3311194385009
392,6008ee0e0a7214ad89000125,2021-01-20 00:00:00,6008e9cdb6310511daa4f2e4
393,6009889f0a7214ad89000133,2021-01-18 06:00:00,600987d77d983a11f63cfa92
394,6009f9000a7214ada2000005,,6009f6927d983a124e9adaad
395,600988a30a720f05fa000132,2021-01-10 06:00:00,600987d77d983a11f63cfa92
396,6009eb000a7214ada2000003,2021-01-21 00:00:00,6009e60450b3311194385009
397,600992f90a720f05fa000133,2021-01-21 00:00:00,600992d17d983a11f63d11ad
398,6009f5200a720f0535000005,2021-01-21 00:00:00,6009e60450b3311194385009
399,600988820a7214ad8900012b,2021-01-06 00:00:00,600987d77d983a11f63cfa92
400,600988560a7214ad89000127,2021-01-20 13:57:42,54943462e4b07e684157a532
401,6009889a0a720f05fa00012f,2021-01-18 06:00:00,600987d77d983a11f63cfa92
402,6008f09d0a720f05fa000128,2021-01-20 00:00:00,6008f02fb6310511daa4f314
403,6009885a0a7214ad89000129,2021-01-20 13:57:46,54943462e4b07e684157a532
404,600988980a7214ad89000130,2021-01-20 13:58:48,600987d77d983a11f63cfa92
405,600988900a7214ad8900012e,2021-01-21 13:58:40,600987d77d983a11f63cfa92
406,6009a0b90a7214ada2000001,2021-01-21 00:00:00,60099c1450b33111fd61f702
407,60099c3c0a7214ad89000135,2021-01-21 00:00:00,60099c1450b33111fd61f702
408,6008f3270a720f05fa00012a,,6008f02fb6310511daa4f314
409,6009e72c0a720f0535000003,2021-01-21 00:00:00,6009e60450b3311194385009
410,600988a10a720f05fa000131,2021-01-18 06:00:00,600987d77d983a11f63cfa92
411,6009fd790a720f0535000006,,6009fd1550b33111943850b1
412,600988870a7214ad8900012c,2021-01-20 13:58:31,600987d77d983a11f63cfa92
413,6009889e0a720f05fa000130,2021-01-20 13:58:54,600987d77d983a11f63cfa92
414,600988480a720f05fa00012b,2021-01-16 06:00:00,600987d77d983a11f63cfa92
415,6009885c0a7214ad8900012a,2021-01-20 13:57:48,6009885c50b33111fd61eee9
416,600988550a720f05fa00012e,2021-01-20 13:57:41,600988557d983a11f63d08ef
417,600988510a720f05fa00012c,2021-01-08 13:57:37,54943462e4b07e684157a532
418,6008ea160a720f05fa000126,,6008e9cdb6310511daa4f2e4
419,600996ac0a720f05fa000134,2021-01-17 00:00:00,6009969150b33111fd61f6d9
420,600b34ca0a7214ada200000c,2021-01-22 00:00:00,600b349550b3311194385600
421,600b2dd60a7214ada200000b,2021-01-22 00:00:00,600b2d7a50b33111943855cb
422,600affe60a7214ada2000009,2021-01-22 00:00:00,600afb2a7d983a124e9aded0
423,600a1a8d0a7214ada2000008,2021-01-21 00:00:00,600a1a457d983a124e9adb9b
424,600aff160a720f053500000c,2021-01-22 00:00:00,600afb2a7d983a124e9aded0
425,600afbd90a720f053500000b,2021-01-15 00:00:00,600afb2a7d983a124e9aded0
426,600b420b0a7214ada200000d,2021-01-22 00:00:00,600b41d050b3311194385655
427,600af82f0a720f053500000a,2021-01-22 00:00:00,600af8097d983a124e9adeb3
428,600b39f60a720f053500000e,2021-01-22 00:00:00,600b39ce50b331119438562a
429,600b139e0a7214ada200000a,2021-01-22 00:00:00,600b00687d983a124e9adef9
430,600a1e270a720f0535000009,2021-01-21 00:00:00,600a1ddf50b33111943851a2
431,600ba6ae0a7214ada2000010,2021-01-22 00:00:00,600ba68e7d983a124e9ae1d3
432,600b89630a720f0535000011,,600b477e7d983a124e9ae061
433,600f41f60a7214ada2000037,2021-01-12 22:11:02,54943462e4b07e684157a532
434,600ed4820a720f0535000015,2021-01-24 14:24:02,600ed4815edb7811cde6b50b
435,600ed47e0a7214ada2000014,2021-01-12 14:23:58,54943462e4b07e684157a532
436,600ed49e0a7214ada200001b,2021-01-24 14:24:30,600ed42e43298911ce45d1fa
437,600f48940a720f0535000043,2021-01-12 22:39:16,54943462e4b07e684157a532
438,600ed46b0a7214ada2000013,2021-01-24 14:23:39,600ed42e43298911ce45d1fa
439,600eda0c0a7214ada200001e,2021-01-25 00:00:00,600ed95043298911ce45e82c
440,600f41d90a720f0535000032,2021-01-24 22:10:32,600f41b2bd196811e68ea219
441,600f01340a7214ada2000029,2021-01-14 06:00:00,600f008f4329897eac237bd8
442,600f42070a7214ada200003c,2021-01-11 00:00:00,600f41b2bd196811e68ea219
443,600f48860a720f053500003f,2021-01-20 06:00:00,600f47f06fd0dc1768a34a12
444,600f489d0a7214ada200004a,2021-01-24 22:39:25,600f489d6fd0dc1768a35a88
445,600f014d0a7214ada200002d,2021-01-24 17:35:09,600f014d4329897eac238b88
446,600f24970a720f053500002f,2021-01-25 00:00:00,600f20c15edb787dce060911
447,600f0cc70a720f053500002c,2021-01-25 00:00:00,600f00d05edb787dce05fb84
448,600f48750a7214ada2000041,2021-01-24 22:38:45,600f47f06fd0dc1768a34a12
449,600f41e60a720f0535000033,2021-01-24 22:10:46,600f41b2bd196811e68ea219
450,600ed4d90a7214ada200001c,2021-01-11 00:00:00,600ed42e43298911ce45d1fa
451,600f42050a7214ada200003b,2021-01-20 06:00:00,600f41b2bd196811e68ea219
452,600ed4520a720f0535000012,2021-01-24 14:23:14,600ed42e43298911ce45d1fa
453,600f012c0a720f0535000025,2021-01-20 06:00:00,600f008f4329897eac237bd8
454,600f48900a720f0535000042,2021-01-24 22:39:12,600f47f06fd0dc1768a34a12
455,600ed4910a7214ada2000018,2021-01-20 06:00:00,600ed42e43298911ce45d1fa
456,600f48880a7214ada2000044,2021-01-09 22:39:04,600f47f06fd0dc1768a34a12
457,600f01310a7214ada2000027,2021-01-22 06:00:00,600f008f4329897eac237bd8
458,600f012a0a7214ada2000024,2021-01-24 17:34:34,600f008f4329897eac237bd8
459,600f485e0a720f053500003b,2021-01-11 00:00:00,600f47f06fd0dc1768a34a12
460,600f41e40a7214ada2000033,2021-01-09 22:10:44,600f41b2bd196811e68ea219
461,600f41fb0a720f0535000036,2021-01-24 22:11:07,54943462e4b07e684157a532
462,600edb570a720f053500001d,2021-01-25 00:00:00,600ed95043298911ce45e82c
463,600fb2160a7214ada2000053,2021-01-21 06:00:00,600fb1ac73c60b12049027bb
464,600fb2030a7214ada2000050,2021-01-25 06:09:07,600fb1ac73c60b12049027bb
465,600fb1e90a720f0535000049,2021-01-25 06:08:41,54943462e4b07e684157a532
466,600fb2170a720f053500004e,2021-01-10 06:09:27,600fb1ac73c60b12049027bb
467,600fb21f0a7214ada2000056,2021-01-25 06:09:35,600fb1ac73c60b12049027bb
468,60107e3b0a720f0535000051,2020-12-30 00:00:00,5fbc35711d967d1222cbfefc
469,600f39c30a7214ada2000030,2021-01-24 00:00:00,600f35015edb782098e2ac1b
470,600fb2130a7214ada2000052,2021-01-25 06:09:23,600fb1ac73c60b12049027bb
471,600fb1e80a7214ada200004e,2021-01-25 06:08:40,54943462e4b07e684157a532
472,600fb2190a7214ada2000054,2021-01-25 06:09:29,600fb1ac73c60b12049027bb
473,600fb1e60a720f0535000048,2021-01-25 06:08:38,54943462e4b07e684157a532
474,60108a5b0a7214ada2000057,2020-12-30 00:00:00,5fbc35711d967d1222cbfefc
475,600fb1e50a7214ada200004d,2021-01-25 06:08:37,600fb1e4a4b74c120bd18777
476,600fb21a0a720f053500004f,2021-01-23 06:00:00,600fb1ac73c60b12049027bb
477,600fb2150a720f053500004d,2021-01-23 06:00:00,600fb1ac73c60b12049027bb
478,600fb1d80a7214ada200004b,2021-01-21 06:00:00,600fb1ac73c60b12049027bb
479,600fb2110a720f053500004c,2021-01-25 06:09:21,600fb1ac73c60b12049027bb
480,600fb1dc0a720f0535000046,2021-01-12 00:00:00,600fb1ac73c60b12049027bb
481,600fb21d0a720f0535000050,2021-01-15 06:00:00,600fb1ac73c60b12049027bb
482,600fb1ec0a7214ada200004f,2021-01-25 06:08:44,600fb1ec73c60b1204902af4
483,600fb1e00a7214ada200004c,2021-01-13 06:08:32,54943462e4b07e684157a532
484,600fb2060a720f053500004b,2021-01-25 06:09:10,600fb1ac73c60b12049027bb
485,600fb21c0a7214ada2000055,2021-01-23 06:00:00,600fb1ac73c60b12049027bb
486,600fb1e20a720f0535000047,2021-01-13 06:08:34,54943462e4b07e684157a532
487,600fb1fd0a720f053500004a,2021-01-11 00:00:00,600fb1ac73c60b12049027bb
488,600fb20b0a7214ada2000051,2021-01-26 06:09:15,600fb1ac73c60b12049027bb
489,6011f39c0a720f05350000b4,2021-01-26 23:13:31,6011f31ea4b74c18d3a8c476
490,6010bdfa0a7214ada200005a,2021-01-26 00:00:00,6010bddaa4b74c120bd19dfb
491,6010be200a7214ada200005e,2021-01-26 01:13:04,54943462e4b07e684157a532
492,6011f3490a7214ada200010e,2021-01-26 23:12:09,6011f31ea4b74c18d3a8c476
493,60118c0f0a7214ada200007e,2021-01-27 00:00:00,60118c0fa4b74c18d3a8c151
494,60118bea0a720f0535000064,2021-01-26 15:51:06,60118beaa4b74c18d3a8c0f8
495,60118c150a720f053500006d,2021-01-27 00:00:00,60118c0fa4b74c18d3a8c151
496,6010be3f0a7214ada2000063,2021-01-27 01:13:35,6010bddaa4b74c120bd19dfb
497,6010bdf60a7214ada2000059,2021-01-26 01:12:22,6010bdf673c60b120490404e
498,60118c3b0a7214ada2000089,2017-10-30 00:00:00,60118bcfa4b74c18d3a8c0d7
499,6010be5a0a720f053500005a,2021-01-26 01:14:02,6010bddaa4b74c120bd19dfb
500,6011f4380a720f05350000b9,2021-01-26 23:16:08,6011f31ea4b74c18d3a8c476
501,6010be180a7214ada200005d,2021-01-26 01:12:56,6010be18a4b74c120bd19e43
502,6010bdef0a720f0535000053,2021-01-26 01:12:15,6010bddaa4b74c120bd19dfb
503,6010bdfd0a720f0535000055,2021-01-20 00:00:00,6010bddaa4b74c120bd19dfb
504,6010be0a0a7214ada200005b,2021-01-20 00:00:00,6010bddaa4b74c120bd19dfb
505,5fa8d5790a7214adc30001c4,2020-11-08 05:36:57,5fa8d542b055fd1dfdf09517
506,60118bd30a720f0535000062,2021-01-26 15:50:43,54943462e4b07e684157a532
507,6011f3390a720f05350000af,2021-01-27 00:00:00,6011f33173c60b1804ce1102
508,6010be1c0a720f0535000057,2021-01-26 01:13:00,6010be1c73c60b1204904079
509,60118c340a720f0535000073,2021-01-27 15:52:20,60118bcfa4b74c18d3a8c0d7
510,60118be80a7214ada2000075,2021-01-26 15:51:04,60118bcfa4b74c18d3a8c0d7
511,6010be460a7214ada2000066,2017-10-30 00:00:00,6010bddaa4b74c120bd19dfb
512,6011f33a0a7214ada200010b,2021-01-27 00:00:00,6011f33173c60b1804ce1102
513,60118be20a7214ada2000074,2021-01-26 15:50:58,60118bcfa4b74c18d3a8c0d7
514,6011f3360a7214ada2000109,2021-01-27 00:00:00,6011f33173c60b1804ce1102
515,60118c0a0a720f0535000067,2021-01-27 00:00:00,60118c09a4b74c18d3a8c12e
516,60118bf90a7214ada2000079,2021-01-20 00:00:00,60118bcfa4b74c18d3a8c0d7
517,5fa8d5730a7214adc30001c3,2020-11-08 05:36:51,5fa8d573770b516dda4f4d21
518,6010be6a0a720f053500005c,2021-01-27 00:00:00,6010be6673c60b12049040ef
519,6012e64e0a720f05f8000031,2021-01-28 00:00:00,5fa41775898c7a11a6bcef3e
520,6012e66c0a720f05f800004d,2021-01-28 00:00:00,5fa41775898c7a11a6bcef3e
521,6012e65b0a720f05f800003d,2021-01-28 00:00:00,5fa41775898c7a11a6bcef3e
522,6013410c0a7214ad5000002a,2021-01-28 00:00:00,5fa41775898c7a11a6bcef3e
523,601340ff0a7214ad50000024,2021-01-28 00:00:00,5fa41775898c7a11a6bcef3e
524,6012ea2d0a720f05f8000068,2021-01-28 00:00:00,6012e1e6a4b74c3cbc516088
525,60132b1f0a7214ad5000000c,2021-01-27 21:22:39,60132acb73c60b3ca7f3ba32
526,60132ae40a7214ad50000007,2021-01-21 00:00:00,60132acb73c60b3ca7f3ba32
527,60132aef0a720f05f800006d,2021-01-21 00:00:00,60132acb73c60b3ca7f3ba32
528,601341150a7214ad5000002e,2021-01-28 00:00:00,5fa41775898c7a11a6bcef3e
529,6012e6380a720f05f800001c,2021-01-28 00:00:00,5fa41775898c7a11a6bcef3e
530,6012e62d0a720f05f8000012,2021-01-28 00:00:00,5fa41775898c7a11a6bcef3e
531,601341040a7214ad50000026,2021-01-28 00:00:00,5fa41775898c7a11a6bcef3e
532,6012e64f0a720f05f8000032,2021-01-28 00:00:00,5fa41775898c7a11a6bcef3e
533,601340fc0a720f05f8000089,2021-01-28 00:00:00,5fa41775898c7a11a6bcef3e
534,60132b740a7214ad50000012,2021-01-27 21:24:03,60132acb73c60b3ca7f3ba32
535,6012e6430a720f05f8000026,2021-01-28 00:00:00,5fa41775898c7a11a6bcef3e
536,60132b860a720f05f8000075,2021-01-28 00:00:00,60132b85a4b74c3cbc516295
537,601341160a720f05f8000095,2021-01-28 00:00:00,5fa41775898c7a11a6bcef3e
538,6012e6750a720f05f8000055,2021-01-28 00:00:00,5fa41775898c7a11a6bcef3e
539,6012e6620a720f05f8000043,2021-01-28 00:00:00,5fa41775898c7a11a6bcef3e
540,6012e6840a720f05f8000063,2021-01-28 00:00:00,5fa41775898c7a11a6bcef3e
541,6012e6210a720f05f8000007,2021-01-28 00:00:00,5fa41775898c7a11a6bcef3e
542,6012e6710a720f05f8000051,2021-01-28 00:00:00,5fa41775898c7a11a6bcef3e
543,600f2fc80a720f0535000030,2021-01-24 00:00:00,600f29a64329897eac239049
544,60132b890a7214ad50000013,,60132b8873c60b3ca7f3bae8
545,6012e6850a720f05f8000064,2021-01-28 00:00:00,5fa41775898c7a11a6bcef3e
546,60132b960a720f05f800007a,2021-01-28 00:00:00,60132b8b73c60b3ca7f3baee
547,6012e6660a720f05f8000047,2021-01-28 00:00:00,5fa41775898c7a11a6bcef3e
548,6013410f0a720f05f8000092,2021-01-28 00:00:00,5fa41775898c7a11a6bcef3e
549,601443720a7214ad50000063,2021-01-28 17:18:41,601442ce67804a1228b1dc41
550,601448f30a720f05f80000d9,2021-01-24 06:00:00,6014485b84231211ce793d79
551,601431db0a720f05f80000a8,2021-01-28 16:03:39,6014319173c60b3ca7f3bf01
552,601443600a7214ad50000060,2021-01-29 00:00:00,6014436084231211ce793ced
553,60145a3d0a7214ad50000082,2021-02-28 18:55:58,60145a3c84231211ce796c5d
554,60144aee0a720f05f80000f1,2021-01-13 17:50:38,6014499c67804a1228b1f5b0
555,601431e40a7214ad50000041,2021-01-29 00:00:00,6014319173c60b3ca7f3bf01
556,60147ba00a7214ad500000d3,2021-01-29 00:00:00,60147a84c8b50e11d8453f29
557,601487f80a720f05f800018d,,5fc961c3b8cfca11a077dd33
558,601465b00a7214ad5000009f,2021-01-29 00:00:00,601465a884231211ce796db3
559,60145a540a720f05f8000116,,60145a5467804a1228b20ded
560,601472e20a7214ad500000ce,2021-01-29 00:00:00,60145ff384231211ce796d51
561,601442dd0a7214ad50000054,2021-01-28 17:16:13,601442ce67804a1228b1dc41
562,601443310a720f05f80000c6,2021-01-22 00:00:00,601442ce67804a1228b1dc41
563,60145a510a7214ad50000086,2021-01-29 00:00:00,60145a5167804a1228b20ddd
564,60145a960a7214ad50000095,2021-01-28 18:57:25,60145a3c84231211ce796c5d
565,601465f40a720f05f8000137,2021-01-22 00:00:00,6014658e67804a1228b20ef4
566,60145a830a7214ad5000008f,2021-01-28 18:57:07,60145a3c84231211ce796c5d
567,601432400a7214ad50000043,2021-01-28 16:05:20,6014319173c60b3ca7f3bf01
568,601442570a7214ad5000004b,2021-01-28 17:13:59,54943462e4b07e684157a532
569,601455a80a720f05f8000107,2021-01-28 18:36:24,6014554a67804a1228b20ca9
570,601455820a720f05f80000fb,2021-01-29 00:00:00,6014558284231211ce796b88
571,6014323b0a720f05f80000b2,2021-01-28 16:05:15,54943462e4b07e684157a532
572,601442710a720f05f80000bb,2021-01-24 06:00:00,601441a984231211ce792603
573,6014435e0a720f05f80000d1,2021-01-29 00:00:00,6014435467804a1228b1dcaf
574,60144adf0a720f05f80000ef,2021-01-28 17:50:23,6014499c67804a1228b1f5b0
575,601455900a720f05f8000102,2021-01-29 00:00:00,6014558767804a1228b20d00
576,601448fe0a720f05f80000df,2021-01-28 17:42:22,6014485b84231211ce793d79
577,601487e20a7214ad5000010d,,5fc961c3b8cfca11a077dd33
578,60146fbd0a7214ad500000ba,2021-01-26 06:00:00,60146f2ac8b50e11d8452661
579,601510460a7214ad5000014a,,5fc961c3b8cfca11a077dd33
580,60157c190a720f05f80001eb,,5fc961c3b8cfca11a077dd33
581,6014aa550a720f05f800019b,,5fc961c3b8cfca11a077dd33
582,60155a1b0a7214ad50000170,,5fc961c3b8cfca11a077dd33
583,6015010b0a7214ad50000143,,5fc961c3b8cfca11a077dd33
584,6015556b0a720f05f80001db,,5fc961c3b8cfca11a077dd33
585,6015048f0a720f05f80001bf,,5fc961c3b8cfca11a077dd33
586,601581f40a7214ad50000181,,5fc961c3b8cfca11a077dd33
587,6014a4760a7214ad50000116,,5fc961c3b8cfca11a077dd33
588,6015a06b0a7214ad5000018d,,5fc961c3b8cfca11a077dd33
589,6015d9d80a720f05f8000219,,5fc961c3b8cfca11a077dd33
590,6014e99b0a7214ad50000137,,5fc961c3b8cfca11a077dd33
591,6014dde60a7214ad50000132,,5fc961c3b8cfca11a077dd33
592,6015f2730a720f05f8000224,,5fc961c3b8cfca11a077dd33
593,6015c13b0a720f05f800020e,,5fc961c3b8cfca11a077dd33
594,6015d8ab0a720f05f8000218,,5fc961c3b8cfca11a077dd33
595,6015a2c30a7214ad5000018e,,5fc961c3b8cfca11a077dd33
596,6015268a0a7214ad50000155,,5fc961c3b8cfca11a077dd33
597,6014f5520a720f05f80001ba,,5fc961c3b8cfca11a077dd33
598,60150cc40a720f05f80001c3,,5fc961c3b8cfca11a077dd33
599,6015d0780a720f05f8000214,,5fc961c3b8cfca11a077dd33
600,6014d3560a720f05f80001ad,,5fc961c3b8cfca11a077dd33
601,6014cfd30a7214ad5000012b,,5fc961c3b8cfca11a077dd33
602,6015938d0a720f05f80001f6,,5fc961c3b8cfca11a077dd33
603,601542ab0a720f05f80001d5,,5fc961c3b8cfca11a077dd33
604,601561230a7214ad50000173,,5fc961c3b8cfca11a077dd33
605,601551e70a7214ad5000016c,,5fc961c3b8cfca11a077dd33
606,6015970b0a7214ad50000189,,5fc961c3b8cfca11a077dd33
607,6015ca9c0a7214ad5000019c,,5fc961c3b8cfca11a077dd33
608,6015637b0a7214ad50000175,,5fc961c3b8cfca11a077dd33
609,6016560f0a7214ad500001dd,,5fc961c3b8cfca11a077dd33
610,60171af00a7214ad50000229,,5fc961c3b8cfca11a077dd33
611,601687480a720f05f800025b,,5fc961c3b8cfca11a077dd33
612,6016acc60a720f05f800026e,,5fc961c3b8cfca11a077dd33
613,60161ca50a7214ad500001be,,5fc961c3b8cfca11a077dd33
614,6017082f0a720f05f800029b,,5fc961c3b8cfca11a077dd33
615,60170e0c0a7214ad50000223,,5fc961c3b8cfca11a077dd33
616,6016366a0a720f05f800023a,,5fc961c3b8cfca11a077dd33
617,601602db0a7214ad500001b3,,5fc961c3b8cfca11a077dd33
618,60173a940a7214ad50000235,,5fc961c3b8cfca11a077dd33
619,6016d94f0a720f05f8000284,,5fc961c3b8cfca11a077dd33
620,60169a070a720f05f8000264,,5fc961c3b8cfca11a077dd33
621,6016e0570a720f05f8000289,,5fc961c3b8cfca11a077dd33
622,601604070a7214ad500001b4,,5fc961c3b8cfca11a077dd33
623,6017037e0a7214ad5000021f,,5fc961c3b8cfca11a077dd33
624,60172b590a720f05f80002a9,,5fc961c3b8cfca11a077dd33
625,6016dba70a720f05f8000285,,5fc961c3b8cfca11a077dd33
626,6017419a0a7214ad50000239,,5fc961c3b8cfca11a077dd33
627,601620270a7214ad500001c1,,5fc961c3b8cfca11a077dd33
628,6016780d0a720f05f8000255,,5fc961c3b8cfca11a077dd33
629,601617f20a720f05f8000232,,5fc961c3b8cfca11a077dd33
630,6016df2c0a720f05f8000288,,5fc961c3b8cfca11a077dd33
631,601729000a720f05f80002a8,,5fc961c3b8cfca11a077dd33
632,601675b30a720f05f8000254,,5fc961c3b8cfca11a077dd33
633,60166d7e0a7214ad500001e9,,5fc961c3b8cfca11a077dd33
634,601711900a720f05f800029f,,5fc961c3b8cfca11a077dd33
635,601721f90a720f05f80002a6,,5fc961c3b8cfca11a077dd33
636,601697af0a720f05f8000263,,5fc961c3b8cfca11a077dd33
637,6016bad70a7214ad50000205,,5fc961c3b8cfca11a077dd33
638,60170bb30a720f05f800029d,,5fc961c3b8cfca11a077dd33
639,601836c70a720f05f8000364,2021-02-01 00:00:00,601836c2c8b50e11d8454b58
640,6017707d0a720f05f80002c7,,5fc961c3b8cfca11a077dd33
641,601485340a720f05f8000167,2021-01-29 00:00:00,60147d2ac8b50e11d8453f53
642,601830cd0a720f05f800034f,,601830cdc8b50e11d8454a6f
643,601485370a720f05f8000172,2021-01-29 00:00:00,60147d2ac8b50e11d8453f53
644,60182f290a720f05f800032f,2021-03-01 16:41:13,60182f1dc8b50e11d84548c4
645,601868260a720f05f400000e,,60186237c8b50e11d8454d5f
646,6017e6d70a7214ad5000027f,,5fc961c3b8cfca11a077dd33
647,601795fa0a7214ad5000025b,,5fc961c3b8cfca11a077dd33
648,601890c70a7214ad28000028,2021-01-31 23:37:43,601890689a1b091205b61c87
649,60183c850a7214ad50000308,2021-02-01 00:00:00,60183c839a1b091205b61aca
650,601830ce0a7214ad500002df,2021-02-01 00:00:00,601830ce9a1b091205b618e8
651,60182f370a720f05f8000335,2021-01-31 16:41:27,60182f1dc8b50e11d84548c4
652,60179e2e0a7214ad50000260,,5fc961c3b8cfca11a077dd33
653,60175dba0a720f05f80002bf,,5fc961c3b8cfca11a077dd33
654,60182d8c0a720f05f8000318,2021-01-31 16:34:20,60182d6dc8b50e11d84547b2
655,601747780a7214ad5000023b,,5fc961c3b8cfca11a077dd33
656,60182f390a7214ad500002b8,,60182f1dc8b50e11d84548c4
657,6018643e0a7214ad28000002,,5fc961c3b8cfca11a077dd33
658,601830d30a7214ad500002e1,2021-02-01 00:00:00,601830ce9a1b091205b618e8
659,6018369f0a7214ad500002f1,2021-01-31 17:13:03,601836829a1b091205b6194d
660,601830a70a7214ad500002d3,2017-10-30 00:00:00,60183090c8b50e11d84549c0
661,6018682c0a720f05f4000011,,60186237c8b50e11d8454d5f
662,60182f610a720f05f800033e,2021-01-31 16:42:09,60182f1dc8b50e11d84548c4
663,601890b80a7214ad28000020,2021-02-01 00:00:00,601890b2c8b50e11d8454e82
664,601485370a720f05f8000175,2021-01-29 00:00:00,60147d2ac8b50e11d8453f53
665,6017ab130a720f05f80002e0,,5fc961c3b8cfca11a077dd33
666,601890d50a720f05f4000057,2021-01-25 00:00:00,601890689a1b091205b61c87
667,6014853a0a7214ad50000106,2021-01-29 00:00:00,60147d2ac8b50e11d8453f53
668,6017ff730a720f05f8000301,,5fc961c3b8cfca11a077dd33
669,60189c850a7214ad28000034,2021-02-01 00:27:49,60189c859a1b091205b61de1
670,60189ffe0a720f05f4000066,,5fc961c3b8cfca11a077dd33
671,6018b92a0a7214ad2800005e,,60186237c8b50e11d8454d5f
672,60189c980a7214ad28000040,2021-02-02 00:00:00,60189c94c8b50e11d8454f6b
673,6018a95f0a7214ad28000056,,5fc961c3b8cfca11a077dd33
674,6018b93c0a7214ad28000061,,60186237c8b50e11d8454d5f
675,60189c9c0a7214ad28000045,2021-02-02 00:00:00,60189c94c8b50e11d8454f6b
676,60189cc00a720f05f4000063,2021-02-01 00:00:00,60189c74c8b50e11d8454eff
677,6018b89c0a7214ad2800005d,,5fc961c3b8cfca11a077dd33
678,60189c7b0a7214ad2800002e,,5fc961c3b8cfca11a077dd33
679,60189c990a7214ad28000041,2021-02-02 00:00:00,60189c94c8b50e11d8454f6b
680,6018a7070a7214ad28000055,,5fc961c3b8cfca11a077dd33
681,60189c920a7214ad2800003a,,60189c92c8b50e11d8454f5d
682,5fb1bd510a7214ad890000e3,2020-11-14 23:44:17,5fb1bd519c09d811e5211cef
683,60189ca00a7214ad28000048,2021-02-01 00:28:16,54943462e4b07e684157a532
684,6018abb90a720f05f400006d,,5fc961c3b8cfca11a077dd33
685,60189c750a720f05f400005d,2021-02-01 00:27:33,54943462e4b07e684157a532
686,6018b1920a720f05f400006e,,5fc961c3b8cfca11a077dd33
687,60189c900a7214ad28000038,2021-02-02 00:00:00,60189c90c8b50e11d8454f49
688,60189cc10a7214ad28000050,2021-01-26 00:00:00,60189c74c8b50e11d8454eff
689,6018ace50a7214ad28000057,,5fc961c3b8cfca11a077dd33
690,60189c7d0a7214ad28000030,2021-02-01 00:27:41,60189c74c8b50e11d8454eff
691,60189cae0a7214ad2800004f,2021-02-02 00:28:30,60189c74c8b50e11d8454eff
692,60189cb40a720f05f4000060,2017-10-30 00:00:00,60189c74c8b50e11d8454eff
693,6018a12c0a720f05f4000067,,5fc961c3b8cfca11a077dd33
694,6018bd4b0a720f05f4000074,,5fc961c3b8cfca11a077dd33
695,6018af3b0a7214ad28000059,,5fc961c3b8cfca11a077dd33
696,60189cb60a720f05f4000061,,60189c74c8b50e11d8454eff
697,60189cbe0a720f05f4000062,2021-02-01 00:28:46,60189c74c8b50e11d8454eff
698,5fb2da580a7214ad89000114,2020-11-15 20:00:24,5fb2da582357ec11d4ecc403
699,601af3530a720f05f4000212,,5fc961c3b8cfca11a077dd33
700,601aba020a7214ad280001d1,,5fc961c3b8cfca11a077dd33
701,601a6c8d0a720f05f40001c4,,5fc961c3b8cfca11a077dd33
702,601a59ce0a7214ad2800019b,,5fc961c3b8cfca11a077dd33
703,601a23e60a7214ad28000187,,5fc961c3b8cfca11a077dd33
704,601aaf5b0a720f05f40001dd,,5fc961c3b8cfca11a077dd33
705,601b0bf00a720f05f400021b,,5fc961c3b8cfca11a077dd33
706,601a2e730a720f05f40001a9,,5fc961c3b8cfca11a077dd33
707,601a93390a720f05f40001d5,,5fc961c3b8cfca11a077dd33
708,601b2c090a7214ad2800021a,,542ace60e4b0b3d724922499
709,601adab60a720f05f4000207,,5fc961c3b8cfca11a077dd33
710,601a48390a720f05f40001b6,,5fc961c3b8cfca11a077dd33
711,601a74c20a720f05f40001c8,,5fc961c3b8cfca11a077dd33
712,601aaf580a7214ad280001ca,2021-01-31 06:00:00,601aaebde409201029849b3c
713,601aaf7a0a720f05f40001e8,2021-02-03 14:13:14,601aaebde409201029849b3c
714,601ab6630a720f05f40001eb,,5fc961c3b8cfca11a077dd33
715,601ac1d80a720f05f40001fe,2021-02-02 15:31:36,54943462e4b07e684157a532
716,601ab7900a720f05f40001ec,,5fc961c3b8cfca11a077dd33
717,601a25110a7214ad28000188,,5fc961c3b8cfca11a077dd33
718,601b14240a720f05f400021e,,5fc961c3b8cfca11a077dd33
719,601a2d450a7214ad2800018b,,5fc961c3b8cfca11a077dd33
720,601ae6710a720f05f400020c,,5fc961c3b8cfca11a077dd33
721,601b32150a7214ad28000220,,5a43c08fe4b014fd6b6a0612
722,601af2280a7214ad28000209,,5fc961c3b8cfca11a077dd33
723,601a5afc0a7214ad2800019c,,5fc961c3b8cfca11a077dd33
724,601ad7310a720f05f4000206,,5fc961c3b8cfca11a077dd33
725,601aaf710a720f05f40001e6,2021-02-02 14:13:05,601aaebde409201029849b3c
726,601af5aa0a720f05f4000214,,5fc961c3b8cfca11a077dd33
727,601b32160a7214ad28000221,2019-01-03 00:00:00,5a43c08fe4b014fd6b6a0612
728,601af6d90a720f05f4000215,,5fc961c3b8cfca11a077dd33
729,601c540f0a720f05f40002be,,5fc961c3b8cfca11a077dd33
730,601c090e0a7214ad28000282,,5fc961c3b8cfca11a077dd33
731,601c5d700a7214ad280002bc,,5fc961c3b8cfca11a077dd33
732,601c702e0a7214ad280002e8,,5fc961c3b8cfca11a077dd33
733,601c40230a720f05f40002b5,,5fc961c3b8cfca11a077dd33
734,601c27870a720f05f400029e,,5fc961c3b8cfca11a077dd33
735,601bd57e0a7214ad2800026d,,5fc961c3b8cfca11a077dd33
736,601c68b50a720f05f40002c8,2021-02-03 21:35:49,601c6887969c0b11f7d0c81f
737,601c87a00a7214ad280002f0,,5fc961c3b8cfca11a077dd33
738,601bbf390a7214ad28000260,,5fc961c3b8cfca11a077dd33
739,601bbbb50a720f05f400026a,,5fc961c3b8cfca11a077dd33
740,601b85cc0a7214ad2800024b,,5fc961c3b8cfca11a077dd33
741,601c68ce0a7214ad280002d6,2021-02-04 00:00:00,601c68ce29c30a1227ada468
742,601c28b30a720f05f400029f,,5fc961c3b8cfca11a077dd33
743,601b730f0a7214ad28000243,,5fc961c3b8cfca11a077dd33
744,601b48df0a720f05f4000238,,5fc961c3b8cfca11a077dd33
745,601c2c3a0a720f05f40002a2,2021-02-04 17:17:46,601c2c05969c0b11f7d0b097
746,601bc2bd0a7214ad28000262,,5fc961c3b8cfca11a077dd33
747,601b5cc90a7214ad2800023a,,5fc961c3b8cfca11a077dd33
748,601be7120a720f05f400027a,,5fc961c3b8cfca11a077dd33
749,601c2d630a7214ad280002a7,,5fc961c3b8cfca11a077dd33
750,601c11410a720f05f400028e,,5fc961c3b8cfca11a077dd33
751,601c2c540a720f05f40002a4,2021-02-03 17:18:12,601c2c05969c0b11f7d0b097
752,601c265a0a720f05f400029d,,5fc961c3b8cfca11a077dd33
753,601bdc850a720f05f4000276,,5fc961c3b8cfca11a077dd33
754,601c5fc90a7214ad280002be,,5fc961c3b8cfca11a077dd33
755,601c68c70a7214ad280002d2,2021-02-03 21:36:07,601c6887969c0b11f7d0c81f
756,601c80940a720f05f40002d9,,5fc961c3b8cfca11a077dd33
757,601b43010a7214ad2800022c,,5fc961c3b8cfca11a077dd33
758,601bd1fa0a7214ad2800026c,,5fc961c3b8cfca11a077dd33
759,601d7c000a7214ad590002a1,2021-02-05 00:00:00,59c124bae4b0299e55b0f330
760,601d7c180a720f05540002fd,2021-02-05 00:00:00,59c124bae4b0299e55b0f330
761,601d77170a720f053c00000a,2021-02-05 00:00:00,59c124bae4b0299e55b0f330
762,601d7b8e0a720f0554000079,2021-02-05 00:00:00,59c124bae4b0299e55b0f330
763,601d7d580a7214ad59000928,2021-02-05 00:00:00,59c124bae4b0299e55b0f330
764,601d7cf90a720f055400070e,2021-02-05 00:00:00,59c124bae4b0299e55b0f330
765,601d77180a720f053c00000f,2021-02-05 00:00:00,59c124bae4b0299e55b0f330
766,601d7d540a720f05540008a6,2021-02-05 00:00:00,59c124bae4b0299e55b0f330
767,601d7ba00a720f05540000d2,2021-02-05 00:00:00,59c124bae4b0299e55b0f330
768,601d7bb60a7214ad59000141,2021-02-05 00:00:00,59c124bae4b0299e55b0f330
769,601d7cd30a720f0554000663,2021-02-05 00:00:00,59c124bae4b0299e55b0f330
770,601d7b730a720f0554000006,2021-02-05 00:00:00,59c124bae4b0299e55b0f330
771,601d7d340a7214ad5900086c,2021-02-05 00:00:00,59c124bae4b0299e55b0f330
772,601d7c1e0a720f055400031a,2021-02-05 00:00:00,59c124bae4b0299e55b0f330
773,601d83930a7214ad59000932,,5fc961c3b8cfca11a077dd33
774,601d7c300a7214ad59000384,2021-02-05 00:00:00,59c124bae4b0299e55b0f330
775,601d7ca40a720f055400058b,2021-02-05 00:00:00,59c124bae4b0299e55b0f330
776,601d7b770a720f0554000016,2021-02-05 00:00:00,59c124bae4b0299e55b0f330
777,601d7bb60a720f055400013a,2021-02-05 00:00:00,59c124bae4b0299e55b0f330
778,601d7c7f0a7214ad590004f2,2021-02-05 00:00:00,59c124bae4b0299e55b0f330
779,601d7d2c0a720f05540007fa,2021-02-05 00:00:00,59c124bae4b0299e55b0f330
780,601d7d230a720f05540007ce,2021-02-05 00:00:00,59c124bae4b0299e55b0f330
781,601d7c500a720f0554000409,2021-02-05 00:00:00,59c124bae4b0299e55b0f330
782,601d02aa0a720f05f4000312,,5fc961c3b8cfca11a077dd33
783,601d7c960a7214ad59000564,2021-02-05 00:00:00,59c124bae4b0299e55b0f330
784,601d75dd0a720f05a9000004,2021-02-05 00:00:00,59c124bae4b0299e55b0f330
785,601d7c480a720f05540003e0,2021-02-05 00:00:00,59c124bae4b0299e55b0f330
786,601d7c280a7214ad5900035c,2021-02-05 00:00:00,59c124bae4b0299e55b0f330
787,601d7cd50a7214ad5900069f,2021-02-05 00:00:00,59c124bae4b0299e55b0f330
788,601d7b840a720f055400004e,2021-02-05 00:00:00,59c124bae4b0299e55b0f330
789,601e911a0a720f053c000070,,5fc961c3b8cfca11a077dd33
790,601e58da0a720f053c000050,,5fc961c3b8cfca11a077dd33
791,601e71780a7214ad2500004f,,5fc961c3b8cfca11a077dd33
792,601e7d2e0a720f053c000067,,5fc961c3b8cfca11a077dd33
793,601ead690a720f053c000092,2021-02-05 14:53:29,601ead00b57b8a12187fce78
794,601ed3e80a720f053c0000a5,,5fc961c3b8cfca11a077dd33
795,601eae650a720f053c000093,,5fc961c3b8cfca11a077dd33
796,601e63660a720f053c000055,,5fc961c3b8cfca11a077dd33
797,601f190c0a720f053c0000c4,,5fc961c3b8cfca11a077dd33
798,601e787e0a7214ad25000051,,5fc961c3b8cfca11a077dd33
799,601ea1830a720f053c000079,,5fc961c3b8cfca11a077dd33
800,601e0b830a720f053c00002e,,5fc961c3b8cfca11a077dd33
801,601f09d10a720f053c0000bd,,5fc961c3b8cfca11a077dd33
802,601efe190a720f053c0000b8,,5fc961c3b8cfca11a077dd33
803,601ead5b0a720f053c00008f,2021-02-05 14:53:15,601ead00b57b8a12187fce78
804,601e14e30a7214ad2500002e,,5fc961c3b8cfca11a077dd33
805,601ed9c40a7214ad25000078,,5fc961c3b8cfca11a077dd33
806,601e3b8f0a720f053c000043,,5fc961c3b8cfca11a077dd33
807,601ddca40a7214ad25000019,,5fc961c3b8cfca11a077dd33
808,601e9a7b0a720f053c000074,,5fc961c3b8cfca11a077dd33
809,601eb8f30a720f053c000099,,5fc961c3b8cfca11a077dd33
810,601e96f60a7214ad2500005c,,5fc961c3b8cfca11a077dd33
811,601f29740a720f053c0000cc,,5fc961c3b8cfca11a077dd33
812,601f1b660a720f053c0000c6,,5fc961c3b8cfca11a077dd33
813,601e22f20a720f053c000039,,5fc961c3b8cfca11a077dd33
814,601e173d0a720f053c000032,,5fc961c3b8cfca11a077dd33
815,601e35b40a7214ad2500003c,,5fc961c3b8cfca11a077dd33
816,601e128a0a7214ad2500002c,,5fc961c3b8cfca11a077dd33
817,601f2bca0a7214ad2500009a,,5fc961c3b8cfca11a077dd33
818,601e84360a720f053c000069,,5fc961c3b8cfca11a077dd33
819,601f90920a720f053c0000f9,,5fc961c3b8cfca11a077dd33
820,601f9c4a0a7214ad250000c8,,5fc961c3b8cfca11a077dd33
821,60201adc0a7214ad250000ff,,5fc961c3b8cfca11a077dd33
822,601f7b7a0a720f053c0000ee,,5fc961c3b8cfca11a077dd33
823,601f98c60a720f053c0000fe,,5fc961c3b8cfca11a077dd33
824,601f81560a720f053c0000f1,,5fc961c3b8cfca11a077dd33
825,601f31a60a720f053c0000d0,,5fc961c3b8cfca11a077dd33
826,60204ae80a7214ad25000111,,5fc961c3b8cfca11a077dd33
827,6020776d0a7214ad25000120,,5fc961c3b8cfca11a077dd33
828,601fee520a720f053c000120,,5fc961c3b8cfca11a077dd33
829,601fdb920a7214ad250000e2,,5fc961c3b8cfca11a077dd33
830,601ffa0a0a7214ad250000f2,,5fc961c3b8cfca11a077dd33
831,602057ce0a720f053c000151,,5fc961c3b8cfca11a077dd33
832,601fe3c80a7214ad250000e6,,5fc961c3b8cfca11a077dd33
833,601f36570a7214ad2500009d,,5fc961c3b8cfca11a077dd33
834,60205b510a7214ad25000117,,5fc961c3b8cfca11a077dd33
835,601fda670a720f053c00011a,,5fc961c3b8cfca11a077dd33
836,602067080a7214ad2500011c,,5fc961c3b8cfca11a077dd33
837,601f8be40a7214ad250000c2,,5fc961c3b8cfca11a077dd33
838,601f7f010a7214ad250000be,,5fc961c3b8cfca11a077dd33
839,601f46bf0a7214ad250000a4,,5fc961c3b8cfca11a077dd33
840,601fb3ba0a720f053c000109,,5fc961c3b8cfca11a077dd33
841,601f38af0a720f053c0000d4,,5fc961c3b8cfca11a077dd33
842,60202b430a7214ad25000103,,5fc961c3b8cfca11a077dd33
843,601f35290a7214ad2500009c,,5fc961c3b8cfca11a077dd33
844,601f4dc50a7214ad250000a9,,5fc961c3b8cfca11a077dd33
845,602017570a720f053c000132,,5fc961c3b8cfca11a077dd33
846,601f58540a7214ad250000ad,,5fc961c3b8cfca11a077dd33
847,601fcd820a7214ad250000db,,5fc961c3b8cfca11a077dd33
848,601f39db0a720f053c0000d5,,5fc961c3b8cfca11a077dd33
849,6020e91a0a720f053c000196,,5fc961c3b8cfca11a077dd33
850,60217b960a720f05a8000012,,5fc961c3b8cfca11a077dd33
851,60207fa20a7214ad25000123,,5fc961c3b8cfca11a077dd33
852,60219c670a720f05a8000028,,5fc961c3b8cfca11a077dd33
853,6020eb730a720f053c000197,,5fc961c3b8cfca11a077dd33
854,602181720a7214d8e9000034,,5fc961c3b8cfca11a077dd33
855,6021c0bb0a7214d8e900004e,,5fc961c3b8cfca11a077dd33
856,6020e46b0a720f053c000194,,5fc961c3b8cfca11a077dd33
857,6020c84a0a720f053c000187,,5fc961c3b8cfca11a077dd33
858,60216d880a7214d8e9000004,,5fc961c3b8cfca11a077dd33
859,6020a2cd0a720f053c000175,,5fc961c3b8cfca11a077dd33
860,60212be60a7214ad25000166,,5fc961c3b8cfca11a077dd33
861,6020ac2a0a720f053c000177,,5fc961c3b8cfca11a077dd33
862,6021c56a0a720f05a8000036,,5fc961c3b8cfca11a077dd33
863,6020b4610a7214ad25000139,,5fc961c3b8cfca11a077dd33
864,6020e0e50a720f053c000193,,5fc961c3b8cfca11a077dd33
865,602175ba0a7214d8e9000007,,5fc961c3b8cfca11a077dd33
866,60217f1b0a720f05a8000016,,5fc961c3b8cfca11a077dd33
867,6020cbce0a7214ad25000140,,5fc961c3b8cfca11a077dd33
868,6021804a0a720f05a8000019,,5fc961c3b8cfca11a077dd33
869,602198e50a720f05a8000027,,5fc961c3b8cfca11a077dd33
870,602145ae0a720f0573000007,,5fc961c3b8cfca11a077dd33
871,602176c90a7214d8e9000028,2021-03-08 17:37:13,6021768799409b11fcf8987f
872,602116ce0a7214ad2500015e,,5fc961c3b8cfca11a077dd33
873,6021ca1c0a720f05a8000039,,5fc961c3b8cfca11a077dd33
874,6020faae0a7214ad25000152,,5fc961c3b8cfca11a077dd33
875,602160a30a720f05c0000001,,54ca99a9e4b0b11b4f7d6dc5
876,6020a0720a720f053c000173,,5fc961c3b8cfca11a077dd33
877,6020f0220a7214ad25000150,,5fc961c3b8cfca11a077dd33
878,60214de60a720f057300000b,,5fc961c3b8cfca11a077dd33
879,6021f05f0a720f05a8000062,,5fc961c3b8cfca11a077dd33
880,6021d37b0a720f05a800003c,,5fc961c3b8cfca11a077dd33
881,6021ed3c0a720f05a800005f,,5fc961c3b8cfca11a077dd33
882,6022f4e60a7214d8e9000112,,5fc961c3b8cfca11a077dd33
883,6021ed890a720f05a8000060,,5fc961c3b8cfca11a077dd33
884,6022b0ef0a7214d8e90000f3,,5fc961c3b8cfca11a077dd33
885,6022d8c90a720f05a80000e7,,5fc961c3b8cfca11a077dd33
886,60231cbd0a720f05a8000108,,5fc961c3b8cfca11a077dd33
887,60227c330a720f05a800009c,,5fc961c3b8cfca11a077dd33
888,6021efe50a7214d8e9000081,,5fc961c3b8cfca11a077dd33
889,6022e8000a720f05a80000ef,,5fc961c3b8cfca11a077dd33
890,6022c1580a7214d8e90000ff,,5fc961c3b8cfca11a077dd33
891,602213e70a720f05a8000071,,5fc961c3b8cfca11a077dd33
892,6023216c0a720f05a800010a,,5fc961c3b8cfca11a077dd33
893,6021d63a0a7214d8e9000058,,5fc961c3b8cfca11a077dd33
894,60223a950a7214d8e90000a2,,5fc961c3b8cfca11a077dd33
895,602299b40a720f05a80000bc,2021-02-08 14:18:28,6022998599409b11fcf89c53
896,602231350a7214d8e900009f,,5fc961c3b8cfca11a077dd33
897,602299ad0a7214d8e90000d7,2021-02-08 14:18:21,6022998599409b11fcf89c53
898,6022d9f60a720f05a80000e8,,5fc961c3b8cfca11a077dd33
899,602279db0a720f05a800009b,,5fc961c3b8cfca11a077dd33
900,6022752b0a7214d8e90000be,,5fc961c3b8cfca11a077dd33
901,602252050a7214d8e90000ae,,5fc961c3b8cfca11a077dd33
902,6021ec5f0a720f05a800005d,,5fc961c3b8cfca11a077dd33
903,6022c2820a720f05a80000dd,,5fc961c3b8cfca11a077dd33
904,602202540a720f05a800006a,,5fc961c3b8cfca11a077dd33
905,6022b6cb0a7214d8e90000f8,,5fc961c3b8cfca11a077dd33
906,6022bb780a7214d8e90000fb,,5fc961c3b8cfca11a077dd33
907,6021d8cf0a7214d8e900005c,,5fc961c3b8cfca11a077dd33
908,602315b50a720f05a8000104,,5fc961c3b8cfca11a077dd33
909,602344970a7214d8e900012f,,5fc961c3b8cfca11a077dd33
910,6023e2c90a7214d8e9000175,,5fc961c3b8cfca11a077dd33
911,602467370a720f05a80001b7,,5fc961c3b8cfca11a077dd33
912,6024024b0a7214d8e900018d,2021-02-05 06:00:00,602401f1c081001222409ad6
913,602367ba0a720f05a800012e,,5fc961c3b8cfca11a077dd33
914,602438550a720f05a8000192,,5fc961c3b8cfca11a077dd33
915,602345c20a7214d8e9000130,,5fc961c3b8cfca11a077dd33
916,60233c5f0a720f05a8000119,,5fc961c3b8cfca11a077dd33
917,602454340a720f05a80001ae,2021-02-01 00:00:00,60245433efa60112282c1859
918,6023a2530a720f05a8000144,,5fc961c3b8cfca11a077dd33
919,60245dd50a720f05a80001b2,,5fc961c3b8cfca11a077dd33
920,60244d6e0a7214d8e90001c9,,5fc961c3b8cfca11a077dd33
921,6024024b0a7214d8e900018c,2021-02-07 06:00:00,602401f1c081001222409ad6
922,602393180a720f05a800013d,,5fc961c3b8cfca11a077dd33
923,6023bfa00a7214d8e9000168,,5fc961c3b8cfca11a077dd33
924,602462850a720f05a80001b3,,5fc961c3b8cfca11a077dd33
925,602429930a720f05a800018b,2021-02-07 06:00:00,6024291f58b989121e6bad5f
926,602380580a7214d8e900014a,,5fc961c3b8cfca11a077dd33
927,602402750a720f05a800016f,2021-01-27 00:00:00,602401f1c081001222409ad6
928,602429640a720f05a8000187,2021-02-09 18:43:48,54943462e4b07e684157a532
929,6023d0080a720f05a8000155,,5fc961c3b8cfca11a077dd33
930,60243bdb0a720f05a80001a2,,5fc961c3b8cfca11a077dd33
931,602460300a7214d8e90001d6,,5fc961c3b8cfca11a077dd33
932,602331d70a720f05a8000113,,5fc961c3b8cfca11a077dd33
933,60245f020a7214d8e90001d5,,5fc961c3b8cfca11a077dd33
934,602427ec0a720f05a8000180,,5fc961c3b8cfca11a077dd33
935,6023ee820a720f05a8000163,,5fc961c3b8cfca11a077dd33
936,602439950a7214d8e90001c2,2021-01-28 19:52:53,54943462e4b07e684157a532
937,602402600a7214d8e9000195,2021-02-09 15:57:20,602401f1c081001222409ad6
938,6024397f0a720f05a8000199,,5fc961c3b8cfca11a077dd33
939,60258c2b0a7214d8e900028f,,5fc961c3b8cfca11a077dd33
940,602483540a7214d8e90001ea,,5fc961c3b8cfca11a077dd33
941,602561fd0a7214d8e9000273,,5fc961c3b8cfca11a077dd33
942,602566ae0a7214d8e900027b,,5fc961c3b8cfca11a077dd33
943,60251e050a720f05a80001fc,,5fc961c3b8cfca11a077dd33
944,60250b440a720f05a80001f5,,5fc961c3b8cfca11a077dd33
945,602531f00a7214d8e900023e,,5fc961c3b8cfca11a077dd33
946,6025a8580a720f05a8000270,,5fc961c3b8cfca11a077dd33
947,602558b60a7214d8e9000266,2021-02-11 00:00:00,602558b1efa60114d20e5dc7
948,6025386a0a7214d8e9000241,2021-02-10 14:00:10,60253861efa6017a44dc6b50
949,602569060a720f05a8000258,,5fc961c3b8cfca11a077dd33
950,6024b5b70a720f05a80001d6,,5fc961c3b8cfca11a077dd33
951,602538b30a7214d8e9000248,2021-02-04 00:00:00,60253861efa6017a44dc6b50
952,6024f7570a7214d8e900021f,,5fc961c3b8cfca11a077dd33
953,602585240a720f05a8000263,,5fc961c3b8cfca11a077dd33
954,602552c10a7214d8e9000255,,5fc961c3b8cfca11a077dd33
955,602538740a7214d8e9000246,2021-02-11 14:00:20,60253861efa6017a44dc6b50
956,602538920a720f05a8000216,2021-02-11 00:00:00,60253891b54593795bf69242
957,6024f17d0a720f05a80001ee,,5fc961c3b8cfca11a077dd33
958,6025b2e10a7214d8e90002a3,,5fc961c3b8cfca11a077dd33
959,6025c21e0a7214d8e90002ad,,5fc961c3b8cfca11a077dd33
960,6024aa030a720f05a80001d0,,5fc961c3b8cfca11a077dd33
961,602573920a720f05a800025d,,5fc961c3b8cfca11a077dd33
962,602581a10a720f05a8000262,,5fc961c3b8cfca11a077dd33
963,6025263b0a720f05a80001ff,,5fc961c3b8cfca11a077dd33
964,602558a90a720f05a8000240,2021-02-10 16:17:45,60255883efa60114d20e5d4e
965,602515cf0a7214d8e9000231,,5fc961c3b8cfca11a077dd33
966,602538960a720f05a800021b,2021-02-11 00:00:00,60253891b54593795bf69242
967,602558b40a7214d8e9000263,2021-02-11 00:00:00,602558b1efa60114d20e5dc7
968,6025495f0a720f05a8000231,,5fc961c3b8cfca11a077dd33
969,6025fcb40a7214d8e90002c3,,5fc961c3b8cfca11a077dd33
970,6026ef4b0a7214d8e9000349,,5fc961c3b8cfca11a077dd33
971,60268cab0a7214d8e9000315,2021-02-11 14:11:55,54943462e4b07e684157a532
972,602686ff0a7214d8e9000301,,5fc961c3b8cfca11a077dd33
973,602623610a720f05a80002a2,,5fc961c3b8cfca11a077dd33
974,60267a190a7214d8e90002fa,,5fc961c3b8cfca11a077dd33
975,6026fc2f0a720f05a8000311,,5fc961c3b8cfca11a077dd33
976,60267c710a720f05a80002c9,,5fc961c3b8cfca11a077dd33
977,6025cf030a7214d8e90002b2,,5fc961c3b8cfca11a077dd33
978,6026963b0a7214d8e900031a,,5fc961c3b8cfca11a077dd33
979,6025fde20a720f05a8000294,,5fc961c3b8cfca11a077dd33
980,6025dabc0a720f05a8000283,,5fc961c3b8cfca11a077dd33
981,60263d290a7214d8e90002e3,,5fc961c3b8cfca11a077dd33
982,602644300a720f05a80002af,,5fc961c3b8cfca11a077dd33
983,6026f0780a720f05a800030c,,5fc961c3b8cfca11a077dd33
984,60268caf0a720f05a80002e2,2021-02-11 14:11:59,60268c69efa6011bb151075f
985,60268c7e0a7214d8e9000309,2021-02-12 00:00:00,60268c7bb545931ac63683af
986,602671e50a720f05a80002c4,,5fc961c3b8cfca11a077dd33
987,6026329d0a720f05a80002a7,,5fc961c3b8cfca11a077dd33
988,60264b390a720f05a80002b0,,5fc961c3b8cfca11a077dd33
989,60265f250a720f05a80002ba,,5fc961c3b8cfca11a077dd33
990,60268c790a7214d8e9000306,2021-02-12 00:00:00,60268c78efa6011bb151077d
991,60267d9d0a7214d8e90002fb,,5fc961c3b8cfca11a077dd33
992,6025f0fe0a720f05a800028f,,5fc961c3b8cfca11a077dd33
993,602667590a7214d8e90002f3,,5fc961c3b8cfca11a077dd33
994,6026c3f00a7214d8e9000337,,5fc961c3b8cfca11a077dd33
995,6026f2cd0a7214d8e900034b,,5fc961c3b8cfca11a077dd33
996,6026dc8a0a7214d8e9000343,,5fc961c3b8cfca11a077dd33
997,6026b71f0a720f05a80002f0,,5fc961c3b8cfca11a077dd33
998,6026ada90a720f05a80002ed,,5fc961c3b8cfca11a077dd33
999,603983e20a7217c72c000138,2020-08-17 00:00:00,5fc961c3b8cfca11a077dd33
1000,60393fef0a7217c72c0000ec,,5fc961c3b8cfca11a077dd33
1001,603908dd0a7217c72c0000d4,,5fc961c3b8cfca11a077dd33
1002,60395d3c0a7217c72c0000f9,,5fc961c3b8cfca11a077dd33
1003,603877bb0a720fde10000074,,5fc961c3b8cfca11a077dd33
1004,603882140a7217c72c00009c,,5fc961c3b8cfca11a077dd33
1005,603862720a720fde1000006b,,5fc961c3b8cfca11a077dd33
1006,6038e1020a720fde100000a4,,5fc961c3b8cfca11a077dd33
1007,60395c0e0a720fde100000d7,,5fc961c3b8cfca11a077dd33
1008,603989c30a720fde10000111,,5fc961c3b8cfca11a077dd33
1009,603973f80a720fde100000e3,2020-08-17 00:00:00,5fc961c3b8cfca11a077dd33
1010,60392f870a7217c72c0000e7,,5fc961c3b8cfca11a077dd33
1011,603905540a720fde100000b3,,5fc961c3b8cfca11a077dd33
1012,60394dff0a720fde100000d1,,5fc961c3b8cfca11a077dd33
1013,60392d2d0a720fde100000c1,,5fc961c3b8cfca11a077dd33
1014,60397f340a7217c72c000133,,5fc961c3b8cfca11a077dd33
1015,603978600a7217c72c00010b,2021-02-09 00:00:00,5fc961c3b8cfca11a077dd33
1016,6038a5400a720fde10000088,,5fc961c3b8cfca11a077dd33
1017,60391f210a7217c72c0000de,,5fc961c3b8cfca11a077dd33
1018,60386aa50a7217c72c000091,,5fc961c3b8cfca11a077dd33
1019,6038e4840a720fde100000a6,,5fc961c3b8cfca11a077dd33
1020,6038dd7c0a7217c72c0000c0,,5fc961c3b8cfca11a077dd33
1021,603977e70a720fde100000e8,2021-02-24 00:00:00,5fc961c3b8cfca11a077dd33
1022,6038f2950a7217c72c0000ca,,5fc961c3b8cfca11a077dd33
1023,603900a60a720fde100000b1,,5fc961c3b8cfca11a077dd33
1024,603946f60a720fde100000ce,,5fc961c3b8cfca11a077dd33
1025,603943720a7217c72c0000ed,,5fc961c3b8cfca11a077dd33
1026,60390eb50a720fde100000b7,,5fc961c3b8cfca11a077dd33
1027,6039575d0a7217c72c0000f7,,5fc961c3b8cfca11a077dd33
1028,6038cabd0a720fde1000009c,,5fc961c3b8cfca11a077dd33
1029,603a2a470a720fde10000197,2020-08-17 00:00:00,5fc961c3b8cfca11a077dd33
1030,603a327b0a7217c72c0001d1,2020-08-17 00:00:00,5fc961c3b8cfca11a077dd33
1031,603a81090a720fde100001e0,,5fc961c3b8cfca11a077dd33
1032,603a54770a720fde100001bd,2020-08-17 00:00:00,5fc961c3b8cfca11a077dd33
1033,6039fa430a720fde10000174,,5fc961c3b8cfca11a077dd33
1034,603a466f0a720fde100001ae,,5fc961c3b8cfca11a077dd33
1035,6039f3340a720fde1000016f,2020-08-17 00:00:00,5fc961c3b8cfca11a077dd33
1036,603996a70a7217c72c000145,,5fc961c3b8cfca11a077dd33
1037,603a097e0a720fde10000180,,5fc961c3b8cfca11a077dd33
1038,6039be770a720fde10000143,2020-08-17 00:00:00,5fc961c3b8cfca11a077dd33
1039,603a479d0a7217c72c0001e7,,5fc961c3b8cfca11a077dd33
1040,6039d4bc0a7217c72c000184,2020-08-17 00:00:00,5fc961c3b8cfca11a077dd33
1041,603a001e0a7217c72c0001a0,,5fc961c3b8cfca11a077dd33
1042,603a398a0a7217c72c0001da,,5fc961c3b8cfca11a077dd33
1043,6039b8a20a7217c72c000164,,5fc961c3b8cfca11a077dd33
1044,603997d20a720fde10000124,,5fc961c3b8cfca11a077dd33
1045,603a16620a7217c72c0001b8,,5fc961c3b8cfca11a077dd33
1046,603a90430a7217c72c000226,,5fc961c3b8cfca11a077dd33
1047,603995740a720fde10000120,2020-08-17 00:00:00,5fc961c3b8cfca11a077dd33
1048,603a698f0a720fde100001d1,2020-08-17 00:00:00,5fc961c3b8cfca11a077dd33
1049,603ac2a60a720fde10000217,,5fc961c3b8cfca11a077dd33
1050,603a86df0a720fde100001e3,2020-08-17 00:00:00,5fc961c3b8cfca11a077dd33
1051,603aa55a0a7217c72c000233,,5fc961c3b8cfca11a077dd33
1052,6039f7e30a7217c72c00019a,2020-08-17 00:00:00,5fc961c3b8cfca11a077dd33
1053,603a72f60a7217c72c000206,,5fc961c3b8cfca11a077dd33
1054,603a70a10a720fde100001d9,,5fc961c3b8cfca11a077dd33
1055,603aab2f0a7217c72c00023a,2020-08-17 00:00:00,5fc961c3b8cfca11a077dd33
1056,603abdf60a7217c72c00024d,,5fc961c3b8cfca11a077dd33
1057,603a85b70a720fde100001e2,,5fc961c3b8cfca11a077dd33
1058,603a221b0a7217c72c0001c1,,5fc961c3b8cfca11a077dd33
1059,603b9a3f0a720fde100002d3,2020-08-17 00:00:00,5fc961c3b8cfca11a077dd33
1060,603b991b0a720fde100002d2,,5fc961c3b8cfca11a077dd33
1061,603bf0fe0a7217c72c00034f,,5fc961c3b8cfca11a077dd33
1062,603b7bcf0a7217c72c0002ec,,5fc961c3b8cfca11a077dd33
1063,603af1800a7217c72c00027b,2020-08-17 00:00:00,5fc961c3b8cfca11a077dd33
1064,603c25b30a720fde1000035b,2020-08-17 00:00:00,5fc961c3b8cfca11a077dd33
1065,603b18350a7217c72c00029e,,5fc961c3b8cfca11a077dd33
1066,603b7e260a720fde100002b8,,5fc961c3b8cfca11a077dd33
1067,603af05c0a7217c72c00027a,,5fc961c3b8cfca11a077dd33
1068,603b2c1a0a7217c72c0002a9,2020-08-17 00:00:00,5fc961c3b8cfca11a077dd33
1069,603bd1570a7217c72c000337,2020-08-17 00:00:00,5fc961c3b8cfca11a077dd33
1070,603bcdd00a7217c72c000335,2020-08-17 00:00:00,5fc961c3b8cfca11a077dd33
1071,603b0b4a0a720fde1000024e,2020-08-17 00:00:00,5fc961c3b8cfca11a077dd33
1072,603af7660a7217c72c000280,,5fc961c3b8cfca11a077dd33
1073,603b1a8c0a720fde1000025d,,5fc961c3b8cfca11a077dd33
1074,603bdbe10a7217c72c00033e,2020-08-17 00:00:00,5fc961c3b8cfca11a077dd33
1075,603b77170a7217c72c0002e6,2020-08-17 00:00:00,5fc961c3b8cfca11a077dd33
1076,603b4f3f0a7217c72c0002c9,2020-08-17 00:00:00,5fc961c3b8cfca11a077dd33
1077,603c0ac20a7217c72c00035c,2020-08-17 00:00:00,5fc961c3b8cfca11a077dd33
1078,603b37d80a7217c72c0002b3,,5fc961c3b8cfca11a077dd33
1079,603bf4830a720fde10000320,,5fc961c3b8cfca11a077dd33
1080,603afc0e0a720fde10000243,2020-08-17 00:00:00,5fc961c3b8cfca11a077dd33
1081,603b26430a720fde1000026c,,5fc961c3b8cfca11a077dd33
1082,603adfeb0a7217c72c000265,2020-08-17 00:00:00,5fc961c3b8cfca11a077dd33
1083,603add9a0a7217c72c000263,,5fc961c3b8cfca11a077dd33
1084,603babdb0a720fde100002e1,,5fc961c3b8cfca11a077dd33
1085,603b45e90a7217c72c0002c2,,5fc961c3b8cfca11a077dd33
1086,603bf8070a7217c72c000354,,5fc961c3b8cfca11a077dd33
1087,603af1870a720fde1000023c,,5fc961c3b8cfca11a077dd33
1088,603aeba50a7217c72c000272,2020-08-17 00:00:00,5fc961c3b8cfca11a077dd33
1089,603cbbb50a720fde100003e3,2020-08-17 00:00:00,5fc961c3b8cfca11a077dd33
1090,603cadab0a720fde100003d6,,5fc961c3b8cfca11a077dd33
1091,603c8cdf0a7217c72c0003bb,,5fc961c3b8cfca11a077dd33
1092,603d30e60a7217c72c00043f,2020-08-17 00:00:00,5fc961c3b8cfca11a077dd33
1093,603c65060a720fde10000395,,5fc961c3b8cfca11a077dd33
1094,603d5d6c0a7217c72c000463,2020-08-17 00:00:00,5fc961c3b8cfca11a077dd33
1095,603d760e0a720fde1000048e,,5fc961c3b8cfca11a077dd33
1096,603d59e70a7217c72c00045f,2020-08-17 00:00:00,5fc961c3b8cfca11a077dd33
1097,603c5ba30a720fde1000038d,,5fc961c3b8cfca11a077dd33
1098,603c51160a7217c72c00038b,,5fc961c3b8cfca11a077dd33
1099,603d40250a720fde10000459,2020-08-17 00:00:00,5fc961c3b8cfca11a077dd33
1100,603c88240a7217c72c0003b8,2020-08-17 00:00:00,5fc961c3b8cfca11a077dd33
1101,603cba880a7217c72c0003e0,2020-08-17 00:00:00,5fc961c3b8cfca11a077dd33
1102,603cd4570a7217c72c0003f5,,5fc961c3b8cfca11a077dd33
1103,603cd57d0a7217c72c0003f6,2020-08-17 00:00:00,5fc961c3b8cfca11a077dd33
1104,603cf2ce0a7217c72c000413,,5fc961c3b8cfca11a077dd33
1105,603cac7d0a7217c72c0003d7,,5fc961c3b8cfca11a077dd33
1106,603c7c6c0a7217c72c0003b3,2020-08-17 00:00:00,5fc961c3b8cfca11a077dd33
1107,603d28b60a720fde10000445,,5fc961c3b8cfca11a077dd33
1108,603ca44a0a720fde100003d0,,5fc961c3b8cfca11a077dd33
1109,603c4a0e0a720fde10000380,,5fc961c3b8cfca11a077dd33
1110,603c6adf0a720fde1000039a,,5fc961c3b8cfca11a077dd33
1111,603c9e6e0a720fde100003c7,,5fc961c3b8cfca11a077dd33
1112,603c3d240a720fde10000373,2020-08-17 00:00:00,5fc961c3b8cfca11a077dd33
1113,603cc2bc0a720fde100003e9,2020-08-17 00:00:00,5fc961c3b8cfca11a077dd33
1114,603cc0630a720fde100003e6,2020-08-17 00:00:00,5fc961c3b8cfca11a077dd33
1115,603d0b710a720fde1000042a,,5fc961c3b8cfca11a077dd33
1116,603cf5290a720fde10000413,,5fc961c3b8cfca11a077dd33
1117,603ce7100a7217c72c000405,2020-08-17 00:00:00,5fc961c3b8cfca11a077dd33
1118,603c4fea0a7217c72c000389,,5fc961c3b8cfca11a077dd33
